Date,steps,7_day_avg,30_day_avg,365_day_avg
2020-01-20,528,,,
2020-01-21,5477,,,
2020-01-22,8475,,,
2020-01-23,12982,,,
2020-01-24,8431,,,
2020-01-25,10739,,,
2020-01-26,11890,8360.285714285714,,
2020-01-27,6671,9237.857142857143,,
2020-01-28,6362,9364.285714285714,,
2020-01-29,5685,8965.714285714286,,
2020-01-30,12153,8847.285714285714,,
2020-01-31,13554,9579.142857142857,,
2020-02-01,16405,10388.57142857143,,
2020-02-02,17365,11170.714285714286,,
2020-02-03,8383,11415.285714285714,,
2020-02-04,7752,11613.857142857143,,
2020-02-05,10969,12368.714285714286,,
2020-02-06,7591,11717.0,,
2020-02-07,4682,10449.57142857143,,
2020-02-08,4322,8723.42857142857,,
2020-02-09,2677,6625.142857142857,,
2020-02-10,5396,6198.428571428572,,
2020-02-11,6090,5961.0,,
2020-02-12,5827,5226.428571428572,,
2020-02-13,4353,4763.857142857143,,
2020-02-14,3905,4652.857142857143,,
2020-02-15,3906,4593.428571428572,,
2020-02-16,5143,4945.714285714285,,
2020-02-17,5673,4985.285714285715,,
2020-02-18,5690,4928.142857142857,7635.866666666667,
2020-02-19,6772,5063.142857142857,7844.0,
2020-02-20,5612,5243.0,7848.5,
2020-02-21,9496,6041.714285714285,7882.533333333334,
2020-02-22,14824,7601.428571428572,7943.933333333333,
2020-02-23,6077,7734.857142857143,7865.466666666666,
2020-02-24,8014,8069.285714285715,7774.633333333333,
2020-02-25,477,7324.571428571428,7394.2,
2020-02-26,6032,7218.857142857143,7372.9,
2020-02-27,5446,7195.142857142857,7342.366666666667,
2020-02-28,3970,6405.714285714285,7285.2,
2020-02-29,4597,4944.714285714285,7033.333333333333,
2020-03-01,3210,4535.142857142857,6688.533333333334,
2020-03-02,7820,4507.428571428572,6402.366666666667,
2020-03-03,5001,5153.714285714285,5990.233333333334,
2020-03-04,6406,5207.142857142857,5924.333333333333,
2020-03-05,5862,5266.571428571428,5861.333333333333,
2020-03-06,7066,5708.857142857143,5731.233333333334,
2020-03-07,3613,5568.285714285715,5598.633333333333,
2020-03-08,3395,5594.714285714285,5555.733333333334,
2020-03-09,7128,5495.857142857143,5649.266666666666,
2020-03-10,4975,5492.142857142857,5725.866666666667,
2020-03-11,4987,5289.428571428572,5712.233333333334,
2020-03-12,4544,5101.142857142857,5660.7,
2020-03-13,5569,4887.285714285715,5652.1,
2020-03-14,3960,4936.857142857143,5639.0,
2020-03-15,2423,4798.0,5589.6,
2020-03-16,6641,4728.428571428572,5680.766666666666,
2020-03-17,5155,4754.142857142857,5681.166666666667,
2020-03-18,5888,4882.857142857143,5688.333333333333,
2020-03-19,4445,4868.714285714285,5646.833333333333,
2020-03-20,2933,4492.142857142857,5518.866666666667,
2020-03-21,2046,4218.714285714285,5400.0,
2020-03-22,1555,4094.714285714286,5135.3,
2020-03-23,5050,3867.4285714285716,4809.5,
2020-03-24,9081,4428.285714285715,4909.633333333333,
2020-03-25,11466,5225.142857142857,5024.7,
2020-03-26,4363,5213.428571428572,5154.233333333334,
2020-03-27,10892,6350.428571428572,5316.233333333334,
2020-03-28,15878,8326.42857142857,5663.966666666666,
2020-03-29,3639,8624.142857142857,5652.933333333333,
2020-03-30,5691,8715.714285714286,5689.4,
2020-03-31,5271,8171.428571428572,5758.1,
2020-04-01,3442,7025.142857142857,5612.166666666667,
2020-04-02,8738,7650.142857142857,5736.733333333334,
2020-04-03,8411,7295.714285714285,5803.566666666667,
2020-04-04,3676,5552.571428571428,5730.7,
2020-04-05,10490,6531.285714285715,5844.833333333333,
2020-04-06,8581,6944.142857142857,6010.433333333333,
2020-04-07,4478,6830.857142857143,6046.533333333334,
2020-04-08,4590,6994.857142857143,5961.933333333333,
2020-04-09,9933,7165.571428571428,6127.2,
2020-04-10,5157,6700.714285714285,6132.866666666667,
2020-04-11,11270,7785.571428571428,6357.066666666667,
2020-04-12,6937,7278.0,6402.666666666667,
2020-04-13,10093,7494.0,6607.1,
2020-04-14,3538,7359.714285714285,6644.266666666666,
2020-04-15,2470,7056.857142857143,6505.233333333334,
2020-04-16,4410,6267.857142857143,6480.4,
2020-04-17,2333,5864.428571428572,6361.9,
2020-04-18,0,4254.428571428572,6213.733333333334,
2020-04-19,0,3263.4285714285716,6115.966666666666,
2020-04-20,0,1821.5714285714287,6047.766666666666,
2020-04-21,24,1319.5714285714287,5996.733333333334,
2020-04-22,3465,1461.7142857142858,5943.9,
2020-04-23,3802,1374.857142857143,5767.933333333333,
2020-04-24,6482,1967.5714285714287,5601.8,
2020-04-25,1405,2168.285714285714,5503.2,
2020-04-26,4771,2849.8571428571427,5299.166666666667,
2020-04-27,4805,3536.285714285714,4930.066666666667,
2020-04-28,4936,4238.0,4973.3,
2020-04-29,3544,4249.285714285715,4901.733333333334,
2020-04-30,3915,4265.428571428572,4856.533333333334,
2020-05-01,9274,4664.285714285715,5050.933333333333,
2020-05-02,3635,4982.857142857143,4880.833333333333,
2020-05-03,1303,4487.428571428572,4643.9,
2020-05-04,3895,4357.428571428572,4651.2,
2020-05-05,4620,4312.285714285715,4455.533333333334,
2020-05-06,4922,4509.142857142857,4333.566666666667,
2020-05-07,3713,4480.285714285715,4308.066666666667,
2020-05-08,3538,3660.8571428571427,4273.0,
2020-05-09,3841,3690.285714285714,4069.9333333333334,
2020-05-10,6694,4460.428571428572,4121.166666666667,
2020-05-11,4451,4539.857142857143,3893.866666666667,
2020-05-12,3325,4354.857142857143,3773.4666666666667,
2020-05-13,3735,4185.285714285715,3561.5333333333333,
2020-05-14,4623,4315.285714285715,3597.7,
2020-05-15,4226,4413.571428571428,3656.233333333333,
2020-05-16,4512,4509.428571428572,3659.633333333333,
2020-05-17,1900,3824.5714285714284,3645.2,
2020-05-18,3724,3720.714285714286,3769.3333333333335,
2020-05-19,3266,3712.285714285714,3878.2,
2020-05-20,4526,3825.285714285714,4029.0666666666666,
2020-05-21,7366,4217.142857142857,4273.8,
2020-05-22,9129,4917.571428571428,4462.6,
2020-05-23,4669,4940.0,4491.5,
2020-05-24,19970,7521.428571428572,4941.1,
2020-05-25,14120,9006.57142857143,5364.933333333333,
2020-05-26,5409,9312.714285714286,5386.2,
2020-05-27,4453,9302.285714285714,5374.466666666666,
2020-05-28,4280,8861.42857142857,5352.6,
2020-05-29,7037,8562.57142857143,5469.033333333334,
2020-05-30,6828,8871.0,5566.133333333333,
2020-05-31,6320,6921.0,5467.666666666667,
2020-06-01,4388,5530.714285714285,5492.766666666666,
2020-06-02,3817,5303.285714285715,5576.566666666667,
2020-06-03,6011,5525.857142857143,5647.1,
2020-06-04,3925,5475.142857142857,5623.933333333333,
2020-06-05,5284,5224.714285714285,5636.0,
2020-06-06,2882,4661.0,5608.3,
2020-06-07,6572,4697.0,5709.433333333333,
2020-06-08,3882,4624.714285714285,5710.8,
2020-06-09,5114,4810.0,5658.133333333333,
2020-06-10,4355,4573.428571428572,5654.933333333333,
2020-06-11,4940,4718.428571428572,5708.766666666666,
2020-06-12,4902,4663.857142857143,5747.666666666667,
2020-06-13,3412,4739.571428571428,5707.3,
2020-06-14,3150,4250.714285714285,5671.433333333333,
2020-06-15,4913,4398.0,5684.8,
2020-06-16,5084,4393.714285714285,5790.933333333333,
2020-06-17,6026,4632.428571428572,5867.666666666667,
2020-06-18,5585,4724.571428571428,5944.966666666666,
2020-06-19,3439,4515.571428571428,5908.733333333334,
2020-06-20,855,4150.285714285715,5691.7,
2020-06-21,1824,3960.8571428571427,5448.2,
2020-06-22,5096,3987.0,5462.433333333333,
2020-06-23,7013,4262.571428571428,5030.533333333334,
2020-06-24,5025,4119.571428571428,4727.366666666667,
2020-06-25,5488,4105.714285714285,4730.0,
2020-06-26,7423,4674.857142857143,4829.0,
2020-06-27,16329,6885.428571428572,5230.633333333333,
2020-06-28,10454,8118.285714285715,5344.533333333334,
2020-06-29,4847,8082.714285714285,5278.5,
2020-06-30,4617,7740.428571428572,5221.733333333334,
2020-07-01,4922,7725.714285714285,5239.533333333334,
2020-07-02,5768,7765.714285714285,5304.566666666667,
2020-07-03,1412,6907.0,5151.266666666666,
2020-07-04,3718,5105.428571428572,5144.366666666667,
2020-07-05,2832,4016.5714285714284,5062.633333333333,
2020-07-06,12393,5094.571428571428,5379.666666666667,
2020-07-07,12725,6252.857142857143,5584.766666666666,
2020-07-08,5953,6400.142857142857,5653.8,
2020-07-09,8529,6794.571428571428,5767.633333333333,
2020-07-10,6674,7546.285714285715,5844.933333333333,
2020-07-11,8511,8231.0,5963.966666666666,
2020-07-12,6522,8758.142857142857,6017.966666666666,
2020-07-13,7182,8013.714285714285,6143.633333333333,
2020-07-14,5840,7030.142857142857,6233.3,
2020-07-15,4896,6879.142857142857,6232.733333333334,
2020-07-16,6293,6559.714285714285,6273.033333333334,
2020-07-17,3168,6058.857142857143,6177.766666666666,
2020-07-18,2068,5138.428571428572,6060.533333333334,
2020-07-19,1888,4476.428571428572,6008.833333333333,
2020-07-20,2899,3864.5714285714284,6076.966666666666,
2020-07-21,6893,4015.0,6245.933333333333,
2020-07-22,6950,4308.428571428572,6307.733333333334,
2020-07-23,3885,3964.4285714285716,6203.466666666666,
2020-07-24,3141,3960.5714285714284,6140.666666666667,
2020-07-25,7069,4675.0,6193.366666666667,
2020-07-26,3276,4873.285714285715,6055.133333333333,
2020-07-27,6368,5368.857142857143,5723.1,
2020-07-28,6814,5357.571428571428,5601.766666666666,
2020-07-29,6102,5236.428571428572,5643.6,
2020-07-30,2663,5061.857142857143,5578.466666666666,
2020-07-31,3339,5090.142857142857,5525.7,
2020-08-01,8208,5252.857142857143,5607.033333333334,
2020-08-02,2149,5091.857142857143,5631.6,
2020-08-03,8076,5335.857142857143,5776.866666666667,
2020-08-04,16545,6726.0,6233.966666666666,
2020-08-05,6923,6843.285714285715,6051.633333333333,
2020-08-06,8630,7695.714285714285,5915.133333333333,
2020-08-07,10158,8669.857142857143,6055.3,
2020-08-08,7297,8539.714285714286,6014.233333333334,
2020-08-09,3118,8678.142857142857,5895.7,
2020-08-10,7644,8616.42857142857,5866.8,
2020-08-11,4900,6952.857142857143,5812.733333333334,
2020-08-12,1762,6215.571428571428,5632.066666666667,
2020-08-13,958,5119.571428571428,5469.333333333333,
2020-08-14,1730,3915.5714285714284,5363.8,
2020-08-15,1721,3119.0,5211.4,
2020-08-16,1814,2932.714285714286,5166.266666666666,
2020-08-17,1752,2091.0,5155.733333333334,
2020-08-18,1921,1665.4285714285713,5156.833333333333,
2020-08-19,3805,1957.2857142857142,5187.033333333334,
2020-08-20,3069,2258.8571428571427,5059.566666666667,
2020-08-21,1895,2282.4285714285716,4891.066666666667,
2020-08-22,8632,3269.714285714286,5049.3,
2020-08-23,11563,4662.428571428572,5330.033333333334,
2020-08-24,8167,5578.857142857143,5366.633333333333,
2020-08-25,9347,6639.714285714285,5569.0,
2020-08-26,10511,7597.714285714285,5707.1,
2020-08-27,8001,8302.285714285714,5746.666666666667,
2020-08-28,3924,8592.142857142857,5674.066666666667,
2020-08-29,5414,8132.428571428572,5765.766666666666,
2020-08-30,8464,7689.714285714285,5936.6,
2020-08-31,9675,7905.142857142857,5985.5,
2020-09-01,7292,7611.571428571428,6156.933333333333,
2020-09-02,8309,7297.0,6164.7,
2020-09-03,9574,7521.714285714285,5932.333333333333,
2020-09-04,7278,8000.857142857143,5944.166666666667,
2020-09-05,5870,8066.0,5852.166666666667,
2020-09-06,5143,7591.571428571428,5685.0,
2020-09-07,7202,7238.285714285715,5681.833333333333,
2020-09-08,3098,6639.142857142857,5681.166666666667,
2020-09-09,5572,6248.142857142857,5612.1,
2020-09-10,4439,5514.571428571428,5596.733333333334,
2020-09-11,7723,5578.142857142857,5795.433333333333,
2020-09-12,3025,5171.714285714285,5864.333333333333,
2020-09-13,9487,5792.285714285715,6122.9,
2020-09-14,8402,5963.714285714285,6345.6,
2020-09-15,3580,6032.571428571428,6404.466666666666,
2020-09-16,4356,5858.857142857143,6491.266666666666,
2020-09-17,2883,5636.571428571428,6523.333333333333,
2020-09-18,6585,5474.0,6616.0,
2020-09-19,8584,6268.142857142857,6799.833333333333,
2020-09-20,8329,6102.714285714285,7014.3,
2020-09-21,10044,6337.285714285715,7061.366666666667,
2020-09-22,1788,6081.285714285715,6735.533333333334,
2020-09-23,7810,6574.714285714285,6723.633333333333,
2020-09-24,5719,6979.857142857143,6602.7,
2020-09-25,6801,7010.714285714285,6479.033333333334,
2020-09-26,4267,6394.0,6354.566666666667,
2020-09-27,10679,6729.714285714285,6579.733333333334,
2020-09-28,4923,5998.142857142857,6563.366666666667,
2020-09-29,7405,6800.571428571428,6528.066666666667,
2020-09-30,6263,6579.571428571428,6414.333333333333,
2020-10-01,5866,6600.571428571428,6366.8,
2020-10-02,6130,6504.714285714285,6294.166666666667,
2020-10-03,4029,6470.714285714285,6109.333333333333,
2020-10-04,12811,6775.285714285715,6293.766666666666,
2020-10-05,9696,7457.142857142857,6421.3,
2020-10-06,4290,7012.142857142857,6392.866666666667,
2020-10-07,3560,6626.0,6271.466666666666,
2020-10-08,3255,6253.0,6276.7,
2020-10-09,9896,6791.0,6420.833333333333,
2020-10-10,2506,6573.428571428572,6356.4,
2020-10-11,7217,5774.285714285715,6339.533333333334,
2020-10-12,3905,4947.0,6368.866666666667,
2020-10-13,4001,4905.714285714285,6186.0,
2020-10-14,8645,5632.142857142857,6194.1,
2020-10-15,8733,6414.714285714285,6365.866666666667,
2020-10-16,7371,6054.0,6466.366666666667,
2020-10-17,12501,7481.857142857143,6786.966666666666,
2020-10-18,12161,8188.142857142857,6972.833333333333,
2020-10-19,5610,8431.714285714286,6873.7,
2020-10-20,4564,8512.142857142857,6748.2,
2020-10-21,4822,7966.0,6574.133333333333,
2020-10-22,2041,7010.0,6582.566666666667,
2020-10-23,1968,6238.142857142857,6387.833333333333,
2020-10-24,10180,5906.571428571428,6536.533333333334,
2020-10-25,9857,5577.428571428572,6638.4,
2020-10-26,6055,5641.0,6698.0,
2020-10-27,1918,5263.0,6405.966666666666,
2020-10-28,5771,5398.571428571428,6434.233333333334,
2020-10-29,4502,5750.142857142857,6337.466666666666,
2020-10-30,6682,6423.571428571428,6351.433333333333,
2020-10-31,6712,5928.142857142857,6379.633333333333,
2020-11-01,8546,5740.857142857143,6460.166666666667,
2020-11-02,5474,5657.857142857143,6508.333333333333,
2020-11-03,2959,5806.571428571428,6179.933333333333,
2020-11-04,4895,5681.428571428572,6019.9,
2020-11-05,2304,5367.428571428572,5953.7,
2020-11-06,4422,5044.571428571428,5982.433333333333,
2020-11-07,9448,5435.428571428572,6188.866666666667,
2020-11-08,7272,5253.428571428572,6101.4,
2020-11-09,12184,6212.0,6424.0,
2020-11-10,6221,6678.0,6390.8,
2020-11-11,5922,6824.714285714285,6458.033333333334,
2020-11-12,1903,6767.428571428572,6388.1,
2020-11-13,10901,7693.0,6463.3,
2020-11-14,4974,7053.857142857143,6338.0,
2020-11-15,5049,6736.285714285715,6260.6,
2020-11-16,4302,5610.285714285715,5987.3,
2020-11-17,2093,5020.571428571428,5651.7,
2020-11-18,8651,5410.428571428572,5753.066666666667,
2020-11-19,2320,5470.0,5678.266666666666,
2020-11-20,6535,4846.285714285715,5735.366666666667,
2020-11-21,11312,5751.714285714285,6044.4,
2020-11-22,7830,6149.0,6239.8,
2020-11-23,3520,6037.285714285715,6017.8,
2020-11-24,11314,7354.571428571428,6066.366666666667,
2020-11-25,5501,6904.571428571428,6047.9,
2020-11-26,9593,7943.571428571428,6303.733333333334,
2020-11-27,2870,7420.0,6207.033333333334,
2020-11-28,7928,6936.571428571428,6321.233333333334,
2020-11-29,9553,7182.714285714285,6416.933333333333,
2020-11-30,4213,7281.714285714285,6333.633333333333,
2020-12-01,5186,6406.285714285715,6221.633333333333,
2020-12-02,9879,7031.714285714285,6368.466666666666,
2020-12-03,1970,5942.714285714285,6335.5,
2020-12-04,2868,5942.428571428572,6267.933333333333,
2020-12-05,896,4937.857142857143,6221.0,
2020-12-06,8253,4752.142857142857,6348.7,
2020-12-07,4749,4828.714285714285,6192.066666666667,
2020-12-08,7471,5155.142857142857,6198.7,
2020-12-09,6294,4643.0,6002.366666666667,
2020-12-10,7806,5476.714285714285,6055.2,
2020-12-11,3990,5637.0,5990.8,
2020-12-12,2449,5858.857142857143,6009.0,
2020-12-13,12098,6408.142857142857,6048.9,
2020-12-14,4094,6314.571428571428,6019.566666666667,
2020-12-15,1034,5395.0,5885.733333333334,
2020-12-16,2245,4816.571428571428,5817.166666666667,
2020-12-17,4211,4303.0,5887.766666666666,
2020-12-18,2345,4068.0,5677.566666666667,
2020-12-19,6968,4713.571428571428,5832.5,
2020-12-20,4019,3559.4285714285716,5748.633333333333,
2020-12-21,3851,3524.714285714286,5499.933333333333,
2020-12-22,4187,3975.1428571428573,5378.5,
2020-12-23,7283,4694.857142857143,5503.933333333333,
2020-12-24,4330,4711.857142857143,5271.133333333333,
2020-12-25,6459,5299.571428571428,5303.066666666667,
2020-12-26,5139,5038.285714285715,5154.6,
2020-12-27,3715,4994.857142857143,5182.766666666666,
2020-12-28,2918,4861.571428571428,5015.766666666666,
2020-12-29,9964,5686.857142857143,5029.466666666666,
2020-12-30,14272,6685.285714285715,5364.766666666666,
2020-12-31,11800,7752.428571428572,5585.233333333334,
2021-01-01,5952,7680.0,5454.333333333333,
2021-01-02,8999,8231.42857142857,5688.633333333333,
2021-01-03,2027,7990.285714285715,5660.6,
2021-01-04,1520,7790.571428571428,5681.4,
2021-01-05,1219,6541.285714285715,5446.933333333333,
2021-01-06,2152,4809.857142857143,5360.366666666667,
2021-01-07,2358,3461.0,5189.933333333333,
2021-01-08,4817,3298.8571428571427,5140.7,
2021-01-09,3502,2513.5714285714284,4997.233333333334,
2021-01-10,3864,2776.0,4993.033333333334,
2021-01-11,3515,3061.0,5028.566666666667,
2021-01-12,5236,3634.8571428571427,4799.833333333333,
2021-01-13,1308,3514.285714285714,4706.966666666666,
2021-01-14,5075,3902.4285714285716,4841.666666666667,
2021-01-15,2338,3548.285714285714,4844.766666666666,
2021-01-16,6354,3955.714285714286,4916.2,
2021-01-17,6635,4351.571428571428,5059.2,
2021-01-18,6538,4783.428571428572,5044.866666666667,5852.904109589041
2021-01-19,4499,4678.142857142857,5060.866666666667,5863.783561643836
2021-01-20,2598,4862.428571428572,5019.1,5855.895890410959
2021-01-21,8279,5320.142857142857,5155.5,5855.358904109589
2021-01-22,5368,5753.0,5091.666666666667,5834.498630136986
2021-01-23,5804,5674.428571428572,5140.8,5827.301369863014
2021-01-24,5055,5448.714285714285,5094.0,5811.728767123288
2021-01-25,1092,4670.714285714285,4959.1,5782.145205479452
2021-01-26,2286,4354.571428571428,4911.466666666666,5770.131506849315
2021-01-27,2096,4282.857142857143,4884.066666666667,5758.443835616438
2021-01-28,1372,3296.1428571428573,4597.666666666667,5746.627397260274
2021-01-29,1759,2780.5714285714284,4180.566666666667,5718.1506849315065
2021-01-30,1324,2140.5714285714284,3831.366666666667,5684.643835616438
2021-01-31,2167,1728.0,3705.2,5645.635616438356
2021-02-01,2472,1925.142857142857,3487.633333333333,5604.8328767123285
2021-02-02,10654,3120.5714285714284,3775.2,5611.054794520548
2021-02-03,4923,3524.4285714285716,3888.633333333333,5603.304109589041
2021-02-04,7314,4373.285714285715,4091.8,5593.290410958904
2021-02-05,4046,4700.0,4154.933333333333,5583.578082191781
2021-02-06,10633,6029.857142857143,4430.766666666666,5599.882191780822
2021-02-07,7687,6818.428571428572,4526.433333333333,5609.101369863014
2021-02-08,4105,7051.714285714285,4546.533333333334,5613.013698630137
2021-02-09,5463,6310.142857142857,4599.833333333333,5613.1972602739725
2021-02-10,7660,6701.142857142857,4738.0,5617.498630136986
2021-02-11,5419,6430.428571428572,4744.1,5616.380821917808
2021-02-12,1319,6040.857142857143,4744.466666666666,5608.068493150685
2021-02-13,6806,5494.142857142857,4802.166666666667,5616.016438356164
2021-02-14,5587,5194.142857142857,4910.466666666666,5620.621917808219
2021-02-15,4417,5238.714285714285,4845.9,5618.632876712329
2021-02-16,6243,5350.142857142857,4832.833333333333,5620.194520547945
2021-02-17,6118,5129.857142857143,4818.833333333333,5621.367123287671
2021-02-18,5279,5109.857142857143,4844.833333333333,5617.276712328767
2021-02-19,1733,5169.0,4816.0,5606.649315068493
2021-02-20,3282,4665.571428571428,4649.433333333333,5589.624657534247
2021-02-21,5659,4675.857142857143,4659.133333333333,5564.5150684931505
2021-02-22,1423,4248.142857142857,4513.1,5551.764383561644
2021-02-23,4742,4033.714285714286,4502.666666666667,5542.8
2021-02-24,3608,3675.1428571428573,4586.533333333334,5551.378082191781
2021-02-25,8420,4123.857142857143,4791.0,5557.920547945206
2021-02-26,9746,5268.571428571428,5046.0,5569.7013698630135
2021-02-27,9244,6120.285714285715,5308.4,5584.1506849315065
2021-02-28,5607,6112.857142857143,5436.666666666667,5586.917808219178
2021-03-01,7708,7010.714285714285,5649.466666666666,5599.241095890411
2021-03-02,3430,6823.285714285715,5691.566666666667,5587.213698630137
2021-03-03,9431,7655.142857142857,5923.533333333334,5599.350684931507
2021-03-04,12164,8190.0,5973.866666666667,5615.12602739726
2021-03-05,8638,8031.714285714285,6097.7,5622.731506849315
2021-03-06,11004,8283.142857142857,6220.7,5633.520547945205
2021-03-07,8889,8752.0,6382.133333333333,5647.975342465754
2021-03-08,1675,7890.142857142857,6083.533333333334,5643.26301369863
2021-03-09,3665,7923.714285714285,5949.466666666666,5633.775342465753
2021-03-10,9294,7904.142857142857,6122.433333333333,5645.608219178082
2021-03-11,4004,6738.428571428572,6073.8,5642.915068493151
2021-03-12,7686,6602.428571428572,6074.666666666667,5651.5232876712325
2021-03-13,13639,6978.857142857143,6348.666666666667,5673.632876712329
2021-03-14,6698,6665.857142857143,6527.966666666666,5681.134246575342
2021-03-15,6918,7414.857142857143,6531.7,5693.449315068493
2021-03-16,8684,8131.857142857143,6634.933333333333,5699.046575342466
2021-03-17,7287,7845.142857142857,6730.6,5704.8876712328765
2021-03-18,5624,8076.571428571428,6709.966666666666,5704.164383561644
2021-03-19,7661,8073.0,6761.4,5712.975342465754
2021-03-20,11782,7807.714285714285,6978.166666666667,5737.219178082192
2021-03-21,6504,7780.0,7137.2,5749.432876712329
2021-03-22,5460,7571.714285714285,7209.8,5760.131506849315
2021-03-23,9328,7663.714285714285,7332.1,5771.852054794521
2021-03-24,5844,7457.571428571428,7479.466666666666,5762.983561643836
2021-03-25,3363,7134.571428571428,7433.5,5740.783561643836
2021-03-26,13388,7952.714285714285,7759.5,5765.509589041096
2021-03-27,18343,8890.0,8090.266666666666,5785.923287671233
2021-03-28,5724,8778.57142857143,7956.2,5758.104109589041
2021-03-29,7430,9060.0,7895.733333333334,5768.490410958904
2021-03-30,4431,8360.42857142857,7856.533333333334,5765.038356164384
2021-03-31,5144,8260.42857142857,7771.066666666667,5764.690410958904
2021-04-01,6454,8702.0,7871.866666666667,5772.942465753425
2021-04-02,3978,7357.714285714285,7690.1,5759.901369863013
2021-04-03,5623,5540.571428571428,7472.066666666667,5752.26301369863
2021-04-04,9992,6150.285714285715,7517.2,5769.567123287671
2021-04-05,7460,6154.571428571428,7399.066666666667,5761.265753424657
2021-04-06,5171,6260.285714285715,7275.133333333333,5751.923287671233
2021-04-07,2427,5872.142857142857,7300.2,5746.304109589041
2021-04-08,5283,5704.857142857143,7354.133333333333,5748.202739726027
2021-04-09,8589,6363.571428571428,7330.633333333333,5744.520547945205
2021-04-10,23883,8972.142857142857,7993.266666666666,5795.824657534246
2021-04-11,10859,9096.0,8099.033333333334,5794.698630136986
2021-04-12,4106,8616.857142857143,7781.266666666666,5786.942465753425
2021-04-13,8936,9154.714285714286,7855.866666666667,5783.772602739726
2021-04-14,7787,9920.42857142857,7884.833333333333,5795.413698630137
2021-04-15,4154,9759.142857142857,7733.833333333333,5800.027397260274
2021-04-16,8501,9746.57142857143,7774.3,5811.235616438356
2021-04-17,5666,7144.142857142857,7775.7,5820.367123287671
2021-04-18,9127,6896.714285714285,7824.566666666667,5845.372602739726
2021-04-19,8514,7526.428571428572,7715.633333333333,5868.698630136986
2021-04-20,2134,6554.714285714285,7569.966666666666,5874.545205479452
2021-04-21,9944,6862.857142857143,7719.433333333333,5901.723287671233
2021-04-22,7909,7399.285714285715,7672.133333333333,5913.898630136986
2021-04-23,13328,8088.857142857143,7921.6,5939.997260273973
2021-04-24,5159,8016.428571428572,7981.466666666666,5936.372602739726
2021-04-25,7925,7844.714285714285,7799.366666666667,5954.235616438356
2021-04-26,6108,7501.0,7391.533333333334,5957.898630136986
2021-04-27,14581,9279.142857142857,7686.766666666666,5984.682191780822
2021-04-28,12803,9687.57142857143,7865.866666666667,6006.235616438356
2021-04-29,24151,12007.857142857143,8523.2,6062.693150684931
2021-04-30,23144,13410.142857142857,9123.2,6115.375342465753
2021-05-01,21698,15772.857142857143,9631.333333333334,6149.413698630137
2021-05-02,14331,16688.0,9976.433333333332,6178.717808219178
2021-05-03,8938,17092.285714285714,10086.933333333332,6199.635616438356
2021-05-04,8945,16287.142857142857,10052.033333333333,6213.471232876713
2021-05-05,4943,15164.285714285714,9968.133333333333,6214.356164383562
2021-05-06,8245,12892.0,10070.6,6223.460273972602
2021-05-07,8263,10766.142857142857,10265.133333333333,6235.92602739726
2021-05-08,3064,8104.142857142857,10191.166666666666,6234.627397260274
2021-05-09,23451,9407.0,10686.566666666668,6288.353424657535
2021-05-10,4238,8735.57142857143,10031.733333333334,6281.624657534247
2021-05-11,16882,9869.42857142857,10232.5,6315.682191780822
2021-05-12,2430,9510.42857142857,10176.633333333333,6313.230136986302
2021-05-13,6253,9225.857142857143,10087.2,6320.128767123288
2021-05-14,2589,8415.285714285714,9913.933333333332,6314.556164383562
2021-05-15,15285,10161.142857142857,10284.966666666667,6344.854794520548
2021-05-16,4466,7449.0,10150.466666666667,6344.728767123288
2021-05-17,4135,7434.285714285715,10099.433333333332,6350.852054794521
2021-05-18,10047,6457.857142857143,10130.1,6368.175342465754
2021-05-19,5318,6870.428571428572,10023.566666666668,6373.797260273973
2021-05-20,5435,6753.571428571428,10133.6,6376.287671232877
2021-05-21,13742,8346.857142857143,10260.2,6393.756164383562
2021-05-22,15534,8382.42857142857,10514.366666666667,6411.304109589041
2021-05-23,7488,8814.142857142857,10319.7,6419.027397260274
2021-05-24,5098,8951.714285714286,10317.666666666666,6378.282191780822
2021-05-25,3807,8060.285714285715,10180.4,6350.027397260274
2021-05-26,5687,8113.0,10166.366666666667,6350.789041095891
2021-05-27,6866,8317.42857142857,9909.2,6357.4
2021-05-28,7348,7404.0,9727.366666666667,6365.805479452055
2021-05-29,14658,7278.857142857143,9410.933333333332,6386.684931506849
2021-05-30,4572,6862.285714285715,8791.866666666667,6380.504109589041
2021-05-31,14863,8257.285714285714,8564.033333333333,6403.909589041096
2021-06-01,10695,9241.285714285714,8442.833333333334,6421.18904109589
2021-06-02,9513,9787.857142857143,8462.0,6436.7945205479455
2021-06-03,6985,9804.857142857143,8396.666666666666,6439.46301369863
2021-06-04,6486,9681.714285714286,8448.1,6446.479452054795
2021-06-05,18300,10202.0,8783.266666666666,6482.139726027397
2021-06-06,13646,11498.285714285714,8962.7,6511.630136986301
2021-06-07,5595,10174.285714285714,9047.066666666668,6508.953424657534
2021-06-08,3439,9137.714285714286,8380.0,6507.739726027397
2021-06-09,6236,8669.57142857143,8446.6,6510.813698630137
2021-06-10,3569,8181.571428571428,8002.833333333333,6508.660273972603
2021-06-11,6358,8163.285714285715,8133.766666666666,6512.545205479452
2021-06-12,11465,7186.857142857143,8307.5,6530.52602739726
2021-06-13,10977,6805.571428571428,8587.1,6551.2520547945205
2021-06-14,9918,7423.142857142857,8408.2,6569.7945205479455
2021-06-15,8987,8215.714285714286,8558.9,6580.956164383561
2021-06-16,9598,8696.0,8741.0,6593.323287671233
2021-06-17,2530,8547.57142857143,8490.433333333332,6583.745205479452
2021-06-18,14016,9641.57142857143,8780.366666666667,6606.843835616439
2021-06-19,7637,9094.714285714286,8853.766666666666,6618.3452054794525
2021-06-20,17477,10023.285714285714,8978.266666666666,6663.884931506849
2021-06-21,3681,9132.285714285714,8583.166666666666,6668.972602739726
2021-06-22,11582,9503.0,8719.633333333333,6686.742465753425
2021-06-23,2582,8500.714285714286,8635.766666666666,6674.602739726028
2021-06-24,8324,9328.42857142857,8786.333333333334,6683.641095890411
2021-06-25,5188,8067.285714285715,8769.7,6682.819178082192
2021-06-26,6093,7846.714285714285,8743.933333333332,6679.175342465754
2021-06-27,20404,8264.857142857143,9179.133333333333,6690.339726027397
2021-06-28,6131,8614.857142857143,8894.9,6678.495890410959
2021-06-29,5831,7793.285714285715,8936.866666666667,6681.191780821918
2021-06-30,9050,8717.285714285714,8743.1,6693.3369863013695
2021-07-01,1390,7726.714285714285,8432.933333333332,6683.660273972603
2021-07-02,7870,8109.857142857143,8378.166666666666,6689.419178082192
2021-07-03,8392,8438.285714285714,8425.066666666668,6708.542465753425
2021-07-04,19913,8368.142857142857,8872.633333333333,6752.912328767124
2021-07-05,11649,9156.42857142857,8650.933333333332,6777.068493150685
2021-07-06,9150,9630.57142857143,8501.066666666668,6768.183561643836
2021-07-07,9029,9627.57142857143,8615.533333333333,6758.057534246575
2021-07-08,7911,10559.142857142857,8764.6,6763.421917808219
2021-07-09,3152,9885.142857142857,8661.8,6748.690410958904
2021-07-10,13528,10618.857142857143,8993.766666666666,6767.4684931506845
2021-07-11,9954,9196.142857142857,9113.633333333333,6771.421917808219
2021-07-12,7859,8654.714285714286,8993.433333333332,6775.084931506849
2021-07-13,7726,8451.285714285714,8885.066666666668,6776.575342465753
2021-07-14,13123,9036.142857142857,8991.9,6796.528767123287
2021-07-15,7462,8972.0,8941.066666666668,6803.558904109589
2021-07-16,5642,9327.714285714286,8809.2,6801.775342465753
2021-07-17,13313,9297.0,9168.633333333333,6829.5698630136985
2021-07-18,8978,9157.57142857143,9000.7,6848.501369863014
2021-07-19,8999,9320.42857142857,9046.1,6867.983561643836
2021-07-20,10852,9767.0,8825.266666666666,6889.772602739726
2021-07-21,7301,8935.285714285714,8945.933333333332,6890.890410958904
2021-07-22,6758,8834.714285714286,8785.133333333333,6890.364383561644
2021-07-23,10715,9559.42857142857,9056.233333333334,6909.076712328767
2021-07-24,8922,8932.142857142857,9076.166666666666,6924.915068493151
2021-07-25,12541,9441.142857142857,9321.266666666666,6939.906849315069
2021-07-26,6629,9102.57142857143,9339.133333333333,6949.093150684931
2021-07-27,4750,8230.857142857143,8817.333333333334,6944.660273972603
2021-07-28,10856,8738.714285714286,8974.833333333334,6955.734246575343
2021-07-29,5334,8535.285714285714,8958.266666666666,6953.630136986301
2021-07-30,7910,8134.571428571428,8920.266666666666,6968.005479452055
2021-07-31,7337,7908.142857142857,9118.5,6978.958904109589
2021-08-01,11517,7761.857142857143,9240.066666666668,6988.024657534246
2021-08-02,2867,7224.428571428572,9055.9,6989.991780821918
2021-08-03,9955,7968.0,8723.966666666667,6995.139726027397
2021-08-04,13033,8279.0,8770.1,6985.517808219178
2021-08-05,6915,8504.857142857143,8695.6,6985.495890410959
2021-08-06,5166,8112.857142857143,8566.833333333334,6976.005479452055
2021-08-07,7816,8181.285714285715,8563.666666666666,6969.58904109589
2021-08-08,15209,8708.714285714286,8965.566666666668,6991.265753424657
2021-08-09,9975,9724.142857142857,8847.133333333333,7010.052054794521
2021-08-10,5486,9085.714285714286,8698.2,7004.139726027397
2021-08-11,9329,8556.57142857143,8747.2,7016.273972602739
2021-08-12,11295,9182.285714285714,8866.166666666666,7042.391780821918
2021-08-13,7086,9456.57142857143,8664.933333333332,7059.180821917808
2021-08-14,10553,9847.57142857143,8767.966666666667,7083.353424657535
2021-08-15,4005,8247.0,8713.4,7089.61095890411
2021-08-16,11301,8436.42857142857,8646.333333333334,7115.602739726028
2021-08-17,10294,9123.285714285714,8690.2,7139.005479452055
2021-08-18,11924,9494.0,8787.7,7166.41095890411
2021-08-19,6287,8778.57142857143,8635.533333333333,7173.210958904109
2021-08-20,4988,8478.857142857143,8558.433333333332,7178.4684931506845
2021-08-21,15098,9128.142857142857,8836.433333333332,7214.641095890411
2021-08-22,5845,9391.0,8674.1,7207.005479452055
2021-08-23,4588,8432.0,8529.633333333333,7187.895890410959
2021-08-24,6310,7862.857142857143,8321.933333333332,7182.808219178082
2021-08-25,5866,6997.428571428572,8296.5,7173.271232876712
2021-08-26,12635,7904.285714285715,8559.333333333334,7179.090410958904
2021-08-27,11339,8811.57142857143,8575.433333333332,7188.235616438356
2021-08-28,8446,7861.285714285715,8679.166666666666,7200.624657534247
2021-08-29,18822,9715.142857142857,9042.9,7237.358904109589
2021-08-30,9112,10361.42857142857,9102.066666666668,7239.134246575342
2021-08-31,7034,10464.857142857143,8952.633333333333,7231.898630136986
2021-09-01,7845,10747.57142857143,9118.566666666668,7233.413698630137
2021-09-02,9286,10269.142857142857,9096.266666666666,7236.090410958904
2021-09-03,14272,10688.142857142857,9137.566666666668,7248.961643835616
2021-09-04,15439,11687.142857142857,9421.7,7271.320547945205
2021-09-05,12258,10749.42857142857,9658.1,7288.821917808219
2021-09-06,12488,11231.714285714286,9813.833333333334,7308.945205479452
2021-09-07,11329,11845.285714285714,9684.5,7320.2520547945205
2021-09-08,10236,12186.857142857143,9693.2,7339.808219178082
2021-09-09,12326,12621.142857142857,9921.2,7358.312328767123
2021-09-10,14644,12674.285714285714,10098.366666666667,7386.271232876712
2021-09-11,1925,10743.714285714286,9786.033333333333,7370.386301369863
2021-09-12,18384,11618.857142857143,10162.633333333333,7412.465753424657
2021-09-13,8762,11086.57142857143,10102.933333333332,7410.479452054795
2021-09-14,17166,11920.42857142857,10541.633333333333,7434.490410958904
2021-09-15,6719,11418.0,10388.9,7443.090410958904
2021-09-16,10711,11187.285714285714,10402.8,7460.501369863014
2021-09-17,5794,9923.0,10198.466666666667,7468.4767123287675
2021-09-18,14785,11760.142857142857,10481.733333333334,7490.942465753425
2021-09-19,18768,11815.0,10941.066666666668,7518.843835616439
2021-09-20,5348,11327.285714285714,10616.066666666668,7510.676712328767
2021-09-21,16596,11245.857142857143,10974.433333333332,7528.627397260274
2021-09-22,7232,11319.142857142857,11062.566666666668,7543.542465753425
2021-09-23,7488,10858.714285714286,11101.833333333334,7542.660273972603
2021-09-24,6823,11005.714285714286,11133.733333333334,7545.684931506849
2021-09-25,18932,11598.142857142857,11343.633333333333,7578.920547945206
2021-09-26,20535,11850.57142857143,11650.166666666666,7623.490410958904
2021-09-27,5171,11825.285714285714,11541.0,7608.4
2021-09-28,10416,10942.42857142857,11260.8,7623.449315068493
2021-09-29,6336,10814.42857142857,11168.266666666666,7620.520547945205
2021-09-30,4567,10397.142857142857,11086.033333333333,7615.87397260274
2021-10-01,6111,10295.42857142857,11028.233333333334,7616.545205479452
2021-10-02,11083,9174.142857142857,11088.133333333333,7630.115068493151
2021-10-03,13077,8108.714285714285,11048.3,7654.904109589041
2021-10-04,3790,7911.428571428572,10660.0,7630.18904109589
2021-10-05,11253,8031.0,10626.5,7634.454794520548
2021-10-06,5677,7936.857142857143,10399.466666666667,7638.254794520548
2021-10-07,3477,7781.142857142857,10137.733333333334,7638.027397260274
2021-10-08,10908,8466.42857142857,10160.133333333333,7658.994520547945
2021-10-09,6841,7860.428571428572,9977.3,7650.624657534247
2021-10-10,7940,7126.571428571428,9753.833333333334,7665.512328767123
2021-10-11,9888,7997.714285714285,10019.266666666666,7672.830136986301
2021-10-12,6000,7247.285714285715,9606.466666666667,7678.5698630136985
2021-10-13,4776,7118.571428571428,9473.6,7680.693150684931
2021-10-14,4932,7326.428571428572,9065.8,7670.520547945205
2021-10-15,9875,7178.857142857143,9171.0,7673.649315068493
2021-10-16,13016,8061.0,9247.833333333334,7689.115068493151
2021-10-17,17813,9471.42857142857,9648.466666666667,7703.668493150685
2021-10-18,4200,8658.857142857143,9295.633333333333,7681.857534246576
2021-10-19,5040,8521.714285714286,8838.033333333333,7680.295890410959
2021-10-20,6875,8821.57142857143,8888.933333333332,7686.627397260274
2021-10-21,2686,8500.714285714286,8425.266666666666,7680.775342465753
2021-10-22,12601,8890.142857142857,8604.233333333334,7709.706849315068
2021-10-23,11947,8737.42857142857,8752.866666666667,7737.046575342466
2021-10-24,12517,7980.857142857143,8942.666666666666,7743.449315068493
2021-10-25,7281,8421.0,8554.3,7736.391780821918
2021-10-26,4740,8378.142857142857,8027.8,7732.789041095891
2021-10-27,10800,8938.857142857143,8215.433333333332,7757.123287671233
2021-10-28,12989,10410.714285714286,8301.2,7776.898630136986
2021-10-29,12972,10463.714285714286,8522.4,7800.104109589041
2021-10-30,16386,11097.857142857143,8916.366666666667,7826.690410958904
2021-10-31,17276,11777.714285714286,9288.533333333333,7855.632876712329
2021-11-01,8183,11906.57142857143,9191.866666666667,7854.638356164383
2021-11-02,16034,13520.0,9290.433333333332,7883.5698630136985
2021-11-03,6090,12847.142857142857,9367.1,7892.147945205479
2021-11-04,8114,12150.714285714286,9262.466666666667,7900.967123287671
2021-11-05,7075,11308.285714285714,9309.066666666668,7914.038356164384
2021-11-06,6817,9941.285714285714,9420.4,7920.6
2021-11-07,10019,8904.57142857143,9390.766666666666,7922.164383561644
2021-11-08,7420,8795.57142857143,9410.066666666668,7922.5698630136985
2021-11-09,5246,7254.428571428572,9320.266666666666,7903.561643835616
2021-11-10,9978,7809.857142857143,9323.266666666666,7913.854794520548
2021-11-11,7927,7783.142857142857,9387.5,7919.34794520548
2021-11-12,8089,7928.0,9497.933333333332,7936.295890410959
2021-11-13,11476,8593.57142857143,9716.066666666668,7937.871232876712
2021-11-14,12459,8942.142857142857,9802.2,7958.378082191781
2021-11-15,14094,9895.57142857143,9838.133333333333,7983.1589041095895
2021-11-16,11087,10730.0,9613.933333333332,8001.7479452054795
2021-11-17,6772,10272.0,9699.666666666666,8014.567123287671
2021-11-18,7958,10276.42857142857,9796.933333333332,8012.668493150685
2021-11-19,7181,10146.714285714286,9807.133333333333,8025.986301369863
2021-11-20,14072,10517.57142857143,10186.666666666666,8046.635616438356
2021-11-21,14730,10842.0,10257.633333333333,8056.0
2021-11-22,7976,9968.0,10125.266666666666,8056.4
2021-11-23,10022,9815.857142857143,10042.1,8074.213698630137
2021-11-24,14781,10960.0,10292.1,8083.712328767123
2021-11-25,11772,11504.857142857143,10526.5,8100.893150684931
2021-11-26,8762,11730.714285714286,10458.566666666668,8098.6164383561645
2021-11-27,8534,10939.57142857143,10310.066666666668,8114.134246575342
2021-11-28,3993,9405.714285714286,10010.766666666666,8103.353424657535
2021-11-29,9174,9576.857142857143,9770.366666666667,8102.315068493151
2021-11-30,7258,9182.0,9436.433333333332,8110.657534246576
2021-12-01,6491,7997.714285714285,9380.033333333333,8114.232876712329
2021-12-02,5114,7046.571428571428,9016.033333333333,8101.178082191781
2021-12-03,16272,8119.428571428572,9355.433333333332,8140.361643835617
2021-12-04,12915,8745.285714285714,9515.466666666667,8167.8876712328765
2021-12-05,12734,9994.0,9704.1,8200.320547945206
2021-12-06,5370,9450.57142857143,9655.866666666667,8192.421917808218
2021-12-07,4928,9117.714285714286,9486.166666666666,8192.912328767123
2021-12-08,11605,9848.285714285714,9625.666666666666,8204.238356164384
2021-12-09,8734,10365.42857142857,9741.933333333332,8210.923287671232
2021-12-10,9267,9364.714285714286,9718.233333333334,8214.92602739726
2021-12-11,7465,8586.142857142857,9702.833333333334,8224.446575342467
2021-12-12,16194,9080.42857142857,9973.0,8262.104109589041
2021-12-13,7308,9357.285714285714,9834.066666666668,8248.980821917808
2021-12-14,8176,9821.285714285714,9691.3,8260.164383561643
2021-12-15,2987,8590.142857142857,9321.066666666668,8265.51506849315
2021-12-16,2659,7722.285714285715,9040.133333333333,8266.649315068493
2021-12-17,7787,7510.857142857143,9073.966666666667,8276.446575342467
2021-12-18,9333,7777.714285714285,9119.8,8295.591780821918
2021-12-19,14799,7578.428571428572,9373.733333333334,8317.046575342465
2021-12-20,7888,7661.285714285715,9167.6,8327.646575342465
2021-12-21,7121,7510.571428571428,8913.966666666667,8336.605479452055
2021-12-22,9964,8507.285714285714,8980.233333333334,8352.432876712328
2021-12-23,7700,9227.42857142857,8902.833333333334,8353.575342465754
2021-12-24,9289,9442.0,8719.766666666666,8367.161643835616
2021-12-25,5556,8902.42857142857,8512.566666666668,8364.687671232878
2021-12-26,7896,7916.285714285715,8483.7,8372.241095890411
2021-12-27,8713,8034.142857142857,8489.666666666666,8385.934246575342
2021-12-28,7656,8110.571428571428,8611.766666666666,8398.91506849315
2021-12-29,9021,7975.857142857143,8606.666666666666,8396.331506849316
2021-12-30,15333,9066.285714285714,8875.833333333334,8399.238356164384
2021-12-31,9007,9026.0,8959.7,8391.586301369864
2022-01-01,5572,9028.285714285714,8974.966666666667,8390.545205479451
2022-01-02,4188,8498.57142857143,8572.166666666666,8377.364383561644
2022-01-03,4397,7882.0,8288.233333333334,8383.857534246576
2022-01-04,10513,8290.142857142857,8214.2,8408.495890410959
2022-01-05,8510,8217.142857142857,8318.866666666667,8428.471232876713
2022-01-06,10613,7542.857142857143,8508.366666666667,8451.65205479452
2022-01-07,5707,7071.428571428572,8311.766666666666,8460.827397260275
2022-01-08,5769,7099.571428571428,8212.933333333332,8463.435616438355
2022-01-09,15299,8686.857142857143,8414.0,8495.756164383562
2022-01-10,7415,9118.0,8412.333333333334,8505.48493150685
2022-01-11,10229,9077.42857142857,8213.5,8523.879452054794
2022-01-12,3435,8352.42857142857,8084.4,8518.945205479453
2022-01-13,4329,7454.714285714285,7956.166666666667,8527.22191780822
2022-01-14,1086,6794.571428571428,7892.8,8516.29315068493
2022-01-15,841,6090.571428571428,7832.2,8512.191780821919
2022-01-16,885,4031.4285714285716,7602.133333333333,8497.208219178083
2022-01-17,1791,3228.0,7350.733333333334,8483.936986301369
2022-01-18,1543,1987.142857142857,6908.866666666667,8470.25205479452
2022-01-19,8070,2649.285714285714,6914.933333333333,8480.035616438356
2022-01-20,7353,3081.285714285714,6922.666666666667,8493.063013698631
2022-01-21,6946,3918.4285714285716,6822.066666666667,8489.410958904109
2022-01-22,14536,5874.857142857143,7049.933333333333,8514.528767123287
2022-01-23,6714,6707.571428571428,6964.1,8517.021917808219
2022-01-24,11283,8063.571428571428,7155.0,8534.08493150685
2022-01-25,8159,9008.714285714286,7163.766666666666,8553.446575342467
2022-01-26,8703,9099.142857142857,7163.433333333333,8571.027397260274
2022-01-27,13417,9965.42857142857,7355.466666666666,8602.043835616438
2022-01-28,4646,9636.857142857143,7209.633333333333,8611.013698630137
2022-01-29,3776,8099.714285714285,6824.4,8616.539726027397
2022-01-30,11772,8822.285714285714,6916.566666666667,8645.164383561643
2022-01-31,8743,8459.42857142857,7022.266666666666,8663.180821917807
2022-02-01,11520,8939.57142857143,7266.666666666667,8687.969863013699
2022-02-02,9861,9105.0,7448.8,8685.797260273972
2022-02-03,8434,8393.142857142857,7379.5,8695.416438356164
2022-02-04,8012,8874.0,7362.9,8697.328767123288
2022-02-05,15775,10588.142857142857,7534.966666666666,8729.46301369863
2022-02-06,9760,10300.714285714286,7670.066666666667,8727.071232876713
2022-02-07,5624,9855.142857142857,7665.233333333334,8721.419178082191
2022-02-08,12415,9983.0,7569.1,8744.186301369862
2022-02-09,9025,9863.57142857143,7622.766666666666,8753.945205479453
2022-02-10,7896,9786.714285714286,7545.0,8754.591780821918
2022-02-11,22668,11880.42857142857,8186.1,8801.849315068494
2022-02-12,20643,12575.857142857143,8729.9,8854.791780821917
2022-02-13,10140,12630.142857142857,9031.7,8863.92602739726
2022-02-14,13555,13763.142857142857,9455.5,8885.756164383562
2022-02-15,10926,13550.42857142857,9790.2,8903.589041095891
2022-02-16,6910,13248.285714285714,9960.833333333334,8905.416438356164
2022-02-17,14530,14196.0,10393.733333333334,8928.46301369863
2022-02-18,4963,11666.714285714286,10290.166666666666,8927.597260273973
2022-02-19,5340,9480.57142857143,10223.066666666668,8937.479452054795
2022-02-20,12568,9827.42857142857,10410.466666666667,8962.920547945205
2022-02-21,13315,9793.142857142857,10369.766666666666,8983.895890410959
2022-02-22,8444,9438.57142857143,10427.433333333332,9003.131506849315
2022-02-23,7321,9497.285714285714,10295.366666666667,9010.197260273973
2022-02-24,10498,8921.285714285714,10373.333333333334,9029.07397260274
2022-02-25,9268,9536.285714285714,10392.166666666666,9031.397260273972
2022-02-26,11140,10364.857142857143,10316.266666666666,9035.216438356165
2022-02-27,15346,10761.714285714286,10672.933333333332,9051.934246575342
2022-02-28,10656,10381.857142857143,10902.266666666666,9065.767123287671
2022-03-01,11513,10820.285714285714,10893.633333333333,9076.191780821919
2022-03-02,10332,11250.42857142857,10946.6,9095.101369863014
2022-03-03,17181,12205.142857142857,11135.3,9116.334246575343
2022-03-04,18148,13473.714285714286,11411.533333333333,9132.728767123288
2022-03-05,22803,15139.857142857143,11890.5,9171.53698630137
2022-03-06,11073,14529.42857142857,11992.533333333333,9171.72602739726
2022-03-07,7501,14078.714285714286,11716.733333333334,9167.923287671232
2022-03-08,5338,13196.57142857143,11569.333333333334,9177.95890410959
2022-03-09,7995,12862.714285714286,11648.366666666667,9189.82191780822
2022-03-10,8765,11660.42857142857,11526.7,9188.372602739726
2022-03-11,12444,10845.57142857143,11640.666666666666,9211.495890410959
2022-03-12,22189,10757.857142857143,12117.1,9251.230136986302
2022-03-13,25553,12826.42857142857,12213.266666666666,9283.871232876712
2022-03-14,25271,15365.0,12367.533333333333,9334.756164383562
2022-03-15,21645,17694.571428571428,12751.033333333333,9375.104109589041
2022-03-16,14828,18670.714285714286,12793.466666666667,9391.936986301369
2022-03-17,15504,19633.428571428572,12946.066666666668,9414.449315068494
2022-03-18,5748,18676.85714285714,12907.333333333334,9414.78904109589
2022-03-19,9129,16811.14285714286,12727.3,9418.810958904109
2022-03-20,9364,14498.42857142857,12874.0,9412.186301369862
2022-03-21,12855,12724.714285714286,13124.5,9429.586301369864
2022-03-22,7710,10734.0,12962.566666666668,9435.750684931507
2022-03-23,6991,9614.42857142857,12751.766666666666,9429.34794520548
2022-03-24,13062,9265.57142857143,12905.7,9449.123287671233
2022-03-25,6235,9335.142857142857,12869.5,9456.991780821918
2022-03-26,6092,8901.285714285714,12722.633333333333,9437.002739726027
2022-03-27,2924,7981.285714285715,12511.166666666666,9394.758904109589
2022-03-28,7178,7170.285714285715,12379.1,9398.742465753425
2022-03-29,8345,7261.0,12145.733333333334,9401.249315068493
2022-03-30,4749,6940.714285714285,11948.833333333334,9402.120547945206
2022-03-31,11283,6686.571428571428,11941.166666666666,9418.939726027398
2022-04-01,7872,6920.428571428572,11859.166666666666,9422.824657534247
2022-04-02,11901,7750.285714285715,11683.166666666666,9444.531506849315
2022-04-03,7911,8462.714285714286,11341.933333333332,9450.8
2022-04-04,1903,7709.142857142857,10645.266666666666,9428.638356164383
2022-04-05,7402,7574.428571428572,10522.9,9428.479452054795
2022-04-06,8376,8092.571428571428,10552.066666666668,9437.260273972603
2022-04-07,5514,7268.428571428572,10557.933333333332,9445.717808219179
2022-04-08,15593,8371.42857142857,10811.2,9473.964383561644
2022-04-09,18820,9359.857142857143,11146.366666666667,9501.994520547945
2022-04-10,11701,9901.285714285714,11121.6,9468.619178082192
2022-04-11,6966,10624.57142857143,10614.166666666666,9457.953424657535
2022-04-12,7825,10685.0,10023.233333333334,9468.142465753424
2022-04-13,9928,10906.714285714286,9511.8,9470.860273972603
2022-04-14,9015,11406.857142857143,9090.8,9474.224657534247
2022-04-15,7479,10247.714285714286,8845.833333333334,9483.334246575343
2022-04-16,6844,8536.857142857143,8557.166666666666,9478.794520547945
2022-04-17,11614,8524.42857142857,8752.7,9495.090410958905
2022-04-18,6731,8490.857142857143,8672.766666666666,9488.52602739726
2022-04-19,7562,8453.285714285714,8612.7,9485.917808219177
2022-04-20,6709,7993.428571428572,8407.833333333334,9498.452054794521
2022-04-21,9917,8122.285714285715,8481.4,9498.37808219178
2022-04-22,12402,8825.57142857143,8661.766666666666,9510.687671232878
2022-04-23,14820,9965.0,8720.366666666667,9514.775342465753
2022-04-24,11218,9908.42857142857,8886.466666666667,9531.375342465753
2022-04-25,1859,9212.42857142857,8745.366666666667,9514.756164383562
2022-04-26,7303,9175.42857142857,8891.333333333334,9518.030136986301
2022-04-27,10827,9763.714285714286,9012.966666666667,9507.745205479452
2022-04-28,12281,10101.42857142857,9144.166666666666,9506.315068493152
2022-04-29,14275,10369.0,9461.7,9479.257534246575
2022-04-30,9957,9674.285714285714,9417.5,9443.128767123288
2022-05-01,15240,10248.857142857143,9663.1,9425.435616438355
2022-05-02,6711,10942.0,9490.1,9404.558904109588
2022-05-03,7737,11004.0,9484.3,9401.268493150685
2022-05-04,8858,10722.714285714286,9716.133333333333,9401.030136986301
2022-05-05,6444,9888.857142857143,9684.2,9405.142465753424
