,Date,keypresses,7_day_ma,28_day_ma,365_day_ma,percentile,rank,Weekday
0,2020-09-21,19081,,,,38.90954151177199,494.0,Monday
1,2020-09-22,32771,,,,65.67534076827756,278.0,Tuesday
2,2020-09-23,32065,,,,64.31226765799256,289.0,Wednesday
3,2020-09-24,34698,,,,68.21561338289963,257.5,Thursday
4,2020-09-25,47038,,,,86.74101610904586,108.0,Friday
5,2020-09-26,33592,,,,66.17100371747212,274.0,Saturday
6,2020-09-27,22795,31720.0,,,45.60099132589839,440.0,Sunday
7,2020-09-28,36153,34158.857142857145,,,71.25154894671624,233.0,Monday
8,2020-09-29,47589,36275.71428571428,,,87.48451053283766,102.0,Tuesday
9,2020-09-30,41136,37571.57142857143,,,78.93432465923172,171.0,Wednesday
10,2020-10-01,64873,41882.28571428572,,,98.01734820322181,17.0,Thursday
11,2020-10-02,23081,38459.857142857145,,,45.9727385377943,437.0,Friday
12,2020-10-03,53457,41297.71428571428,,,92.44114002478315,62.0,Saturday
13,2020-10-04,26070,41765.57142857143,,,52.41635687732342,385.0,Sunday
14,2020-10-05,46862,43295.42857142857,,,86.61710037174721,109.0,Monday
15,2020-10-06,43125,42657.71428571428,,,82.15613382899627,145.0,Tuesday
16,2020-10-07,47218,43526.57142857143,,,87.11276332094175,105.0,Wednesday
17,2020-10-08,60890,42957.57142857143,,,96.6542750929368,28.0,Thursday
18,2020-10-09,51033,46950.71428571428,,,90.83023543990086,75.0,Friday
19,2020-10-10,20985,42311.857142857145,,,42.37918215613383,466.0,Saturday
20,2020-10-11,10693,40115.142857142855,,,26.022304832713754,598.0,Sunday
21,2020-10-12,27004,37278.28571428572,,,55.39033457249071,361.0,Monday
22,2020-10-13,33719,35934.57142857143,,,66.4188351920694,272.0,Tuesday
23,2020-10-14,48366,36098.57142857143,,,88.22800495662949,96.0,Wednesday
24,2020-10-15,18913,30101.85714285714,,,38.53779429987608,497.0,Thursday
25,2020-10-16,18460,25448.571428571428,,,37.54646840148699,505.0,Friday
26,2020-10-17,27109,26323.428571428572,,,55.63816604708798,359.0,Saturday
27,2020-10-18,41875,30778.0,36094.67857142857,,80.545229244114,158.0,Sunday
28,2020-10-19,48157,33799.857142857145,37133.107142857145,,87.85625774473358,99.0,Monday
29,2020-10-20,41288,34881.142857142855,37437.28571428572,,79.5539033457249,166.0,Tuesday
30,2020-10-21,41708,33930.0,37781.67857142857,,80.29739776951673,160.0,Wednesday
31,2020-10-22,38834,36775.857142857145,37929.392857142855,,76.08426270136307,194.0,Thursday
32,2020-10-23,48908,41125.57142857143,37996.17857142857,,88.90954151177199,90.5,Friday
33,2020-10-24,15255,39432.142857142855,37341.28571428572,,32.094175960346966,549.0,Saturday
34,2020-10-25,1187,33619.57142857143,36569.57142857143,,10.532837670384138,723.0,Sunday
35,2020-10-26,39858,32434.0,36701.892857142855,,77.69516728624535,181.0,Monday
36,2020-10-27,53216,34138.0,36902.857142857145,,92.06939281288724,65.0,Tuesday
37,2020-10-28,53348,35800.857142857145,37339.0,,92.3172242874845,63.0,Wednesday
38,2020-10-29,51793,37652.142857142855,36871.857142857145,,91.44981412639405,70.0,Thursday
39,2020-10-30,43136,36827.57142857143,37588.107142857145,,82.28004956629492,144.0,Friday
40,2020-10-31,0,34648.28571428572,35678.92857142857,,2.7261462205700124,786.0,Saturday
41,2020-11-01,5889,35320.0,34958.17857142857,,18.21561338289963,661.0,Sunday
42,2020-11-02,24101,33069.0,34145.28571428572,,48.45105328376704,417.0,Monday
43,2020-11-03,19573,28262.85714285714,33304.142857142855,,39.405204460966544,490.0,Tuesday
44,2020-11-04,57390,28840.285714285714,33667.42857142857,,94.91945477075589,42.0,Wednesday
45,2020-11-05,56325,29487.714285714286,33504.392857142855,,94.05204460966543,49.0,Thursday
46,2020-11-06,50099,30482.428571428572,33471.03571428572,,90.08674101610904,81.0,Friday
47,2020-11-07,20703,33440.0,33460.96428571428,,41.883519206939276,470.0,Saturday
48,2020-11-08,22499,35812.857142857145,33882.607142857145,,44.85749690210657,446.0,Sunday
49,2020-11-09,41240,38261.28571428572,34391.03571428572,,79.42998760842627,167.0,Monday
50,2020-11-10,26278,39219.142857142855,34125.28571428572,,53.28376703841388,378.0,Tuesday
51,2020-11-11,47443,37798.142857142855,34092.32142857143,,87.36059479553904,103.0,Wednesday
52,2020-11-12,53245,37358.142857142855,35318.46428571428,,92.19330855018588,64.0,Thursday
53,2020-11-13,31256,34666.28571428572,35775.46428571428,,62.45353159851301,304.0,Friday
54,2020-11-14,28265,35746.57142857143,35816.75,,57.62081784386617,343.0,Saturday
55,2020-11-15,26550,36325.28571428572,35269.42857142857,,53.96530359355638,372.5,Sunday
56,2020-11-16,52883,37988.57142857143,35438.21428571428,,91.82156133828995,67.0,Monday
57,2020-11-17,60147,42827.0,36111.75,,96.15861214374225,32.0,Tuesday
58,2020-11-18,56454,44114.28571428572,36638.392857142855,,94.2998760842627,47.0,Wednesday
59,2020-11-19,75444,47285.57142857143,37945.892857142855,,99.62825278810409,4.0,Thursday
60,2020-11-20,28035,46825.42857142857,37200.42857142857,,57.372986369268894,345.0,Friday
61,2020-11-21,18610,45446.142857142855,37320.25,,37.9182156133829,502.0,Saturday
62,2020-11-22,37640,47030.42857142857,38622.142857142855,,73.97769516728626,211.0,Sunday
63,2020-11-23,76313,50377.57142857143,39924.107142857145,,99.75216852540272,3.0,Monday
64,2020-11-24,7596,42870.28571428572,38294.82142857143,,21.8091697645601,632.0,Tuesday
65,2020-11-25,6062,35671.42857142857,36606.03571428572,,18.711276332094176,657.0,Wednesday
66,2020-11-26,235,24927.285714285714,34764.67857142857,,6.939281288723668,752.0,Thursday
67,2020-11-27,29750,25172.285714285714,34286.607142857145,,60.34696406443618,321.0,Friday
68,2020-11-28,121,22531.0,34290.92857142857,,6.319702602230483,757.0,Saturday
69,2020-11-29,33935,22001.714285714286,35292.57142857143,,66.7905824039653,269.0,Sunday
70,2020-11-30,67533,20747.428571428572,36843.71428571428,,98.88475836431226,10.0,Monday
71,2020-12-01,21187,22689.0,36901.357142857145,,42.998760842627014,461.0,Tuesday
72,2020-12-02,43634,28056.428571428572,36410.07142857143,,83.02354399008675,138.0,Wednesday
73,2020-12-03,61437,36799.57142857143,36592.642857142855,,97.02602230483272,25.0,Thursday
74,2020-12-04,27145,36427.42857142857,35772.857142857145,,55.88599752168525,357.0,Friday
75,2020-12-05,35840,41530.142857142855,36313.46428571428,,70.63197026022306,238.0,Saturday
76,2020-12-06,2775,37078.71428571428,35609.03571428572,,14.12639405204461,694.0,Sunday
77,2020-12-07,45303,33903.0,35754.142857142855,,84.75836431226766,124.0,Monday
78,2020-12-08,16328,33208.857142857145,35398.78571428572,,34.07682775712516,533.0,Tuesday
79,2020-12-09,55437,34895.0,35684.28571428572,,93.80421313506815,51.0,Wednesday
80,2020-12-10,42108,32133.714285714286,35286.53571428572,,81.28872366790583,152.0,Thursday
81,2020-12-11,55206,36142.42857142857,36141.892857142855,,93.68029739776952,52.0,Friday
82,2020-12-12,38833,36570.0,36519.32142857143,,75.96034696406444,195.0,Saturday
83,2020-12-13,22636,39407.28571428572,36379.53571428572,,45.229244114002476,443.0,Sunday
84,2020-12-14,36760,38186.857142857145,35803.71428571428,,71.99504337050804,227.0,Monday
85,2020-12-15,61969,44707.0,35868.78571428572,,97.14993804213134,24.0,Tuesday
86,2020-12-16,46458,43424.28571428572,35511.78571428572,,86.12143742255266,113.0,Wednesday
87,2020-12-17,40009,43124.42857142857,34246.25,,77.81908302354398,180.0,Thursday
88,2020-12-18,45377,41720.28571428572,34865.607142857145,,84.88228004956629,123.0,Friday
89,2020-12-19,14964,38310.42857142857,34735.392857142855,,31.84634448574969,551.0,Saturday
90,2020-12-20,32546,39726.142857142855,34553.46428571428,,65.4275092936803,280.0,Sunday
91,2020-12-21,23679,37857.42857142857,32673.678571428572,,47.21189591078067,427.0,Monday
92,2020-12-22,17360,31484.714285714286,33022.392857142855,,35.687732342007436,520.0,Tuesday
93,2020-12-23,724,24951.285714285714,32831.75,,8.79801734820322,737.0,Wednesday
94,2020-12-24,5086,19962.285714285714,33005.0,,16.97645600991326,671.0,Thursday
95,2020-12-25,3673,14004.57142857143,32073.678571428572,,15.241635687732341,685.0,Friday
96,2020-12-26,1059,12018.142857142857,32107.178571428572,,9.913258983890955,728.0,Saturday
97,2020-12-27,2688,7752.714285714285,30991.214285714286,,14.002478314745973,695.0,Sunday
98,2020-12-28,12929,6217.0,29041.071428571428,,29.244114002478316,572.0,Monday
99,2020-12-29,8479,4948.285714285715,28587.214285714286,,22.676579925650557,625.0,Tuesday
100,2020-12-30,2134,5149.714285714285,27105.071428571428,,12.51548946716233,707.0,Wednesday
101,2020-12-31,0,4423.142857142857,24910.89285714286,,2.7261462205700124,786.0,Thursday
102,2021-01-01,2574,4266.142857142857,24033.35714285714,,13.382899628252787,700.0,Friday
103,2021-01-02,4974,4825.428571428572,22931.0,,16.852540272614622,672.0,Saturday
104,2021-01-03,22146,7605.142857142857,23622.821428571428,,44.60966542750929,448.0,Sunday
105,2021-01-04,14043,7764.285714285715,22506.39285714286,,30.483271375464682,562.0,Monday
106,2021-01-05,26258,10304.142857142857,22861.035714285714,,53.159851301115246,379.0,Tuesday
107,2021-01-06,18377,12624.57142857143,21537.464285714286,,37.29863692688971,507.0,Wednesday
108,2021-01-07,40541,18416.14285714286,21481.5,,77.94299876084263,179.0,Thursday
109,2021-01-08,50284,25231.85714285714,21305.714285714286,,90.45848822800495,78.0,Friday
110,2021-01-09,30575,28889.14285714286,21010.785714285714,,61.33828996282528,313.0,Saturday
111,2021-01-10,25228,29329.428571428572,21103.35714285714,,50.55762081784386,400.0,Sunday
112,2021-01-11,51070,34619.0,21614.428571428572,,90.9541511771995,74.0,Monday
113,2021-01-12,32040,35445.0,20545.535714285714,,64.18835192069393,290.0,Tuesday
114,2021-01-13,303,32863.0,18897.14285714286,,7.187112763320942,750.0,Wednesday
115,2021-01-14,44938,33491.142857142855,19073.178571428572,,84.13878562577447,129.0,Thursday
116,2021-01-15,25531,29955.0,18364.39285714286,,51.301115241635685,394.0,Friday
117,2021-01-16,19800,28415.714285714286,18537.10714285714,,40.14869888475837,484.0,Saturday
118,2021-01-17,18696,27482.571428571428,18042.464285714286,,38.166047087980175,500.0,Sunday
119,2021-01-18,18641,22849.85714285714,17862.535714285714,,38.04213135068154,501.0,Monday
120,2021-01-19,29922,22547.285714285714,18311.178571428572,,60.594795539033456,319.0,Tuesday
121,2021-01-20,51446,29853.428571428572,20122.678571428572,,91.07806691449815,73.0,Wednesday
122,2021-01-21,30810,27835.14285714286,21041.39285714286,,61.957868649318456,308.0,Thursday
123,2021-01-22,58872,32598.14285714286,23012.785714285714,,95.6629491945477,36.0,Friday
124,2021-01-23,34698,34726.42857142857,24214.178571428572,,68.21561338289963,257.5,Saturday
125,2021-01-24,33805,36884.857142857145,25325.5,,66.54275092936803,271.0,Sunday
126,2021-01-25,64903,43493.71428571428,27181.714285714286,,98.14126394052045,16.0,Monday
127,2021-01-26,24062,42656.57142857143,27738.25,,48.20322180916977,419.0,Tuesday
128,2021-01-27,49039,42312.71428571428,29413.428571428572,,89.34324659231723,87.0,Wednesday
129,2021-01-28,46251,44518.57142857143,31065.25,,85.62577447335812,117.0,Thursday
130,2021-01-29,39842,41800.0,32396.25,,77.57125154894672,182.0,Friday
131,2021-01-30,43334,43033.71428571428,33766.25,,82.65179677819083,141.0,Saturday
132,2021-01-31,27113,42077.71428571428,33943.642857142855,,55.762081784386616,358.0,Sunday
133,2021-02-01,58958,41228.42857142857,35547.75,,95.78686493184635,35.0,Monday
134,2021-02-02,17985,40360.28571428572,35252.28571428572,,36.43122676579926,514.0,Tuesday
135,2021-02-03,50101,40512.0,36385.28571428572,,90.21065675340768,80.0,Wednesday
136,2021-02-04,42024,39908.142857142855,36438.25,,81.04089219330855,154.0,Thursday
137,2021-02-05,11856,35910.142857142855,35065.82142857143,,27.385377942998762,587.0,Friday
138,2021-02-06,3134,30167.285714285714,34085.78571428572,,14.374225526641885,692.0,Saturday
139,2021-02-07,15551,28515.571428571428,33740.17857142857,,32.71375464684015,544.0,Sunday
140,2021-02-08,70591,30177.428571428572,34437.357142857145,,99.25650557620817,7.0,Monday
141,2021-02-09,47842,34442.71428571428,35001.71428571428,,87.6084262701363,101.0,Tuesday
142,2021-02-10,50048,34435.142857142855,36778.32142857143,,89.96282527881041,82.0,Wednesday
143,2021-02-11,54595,36231.0,37123.21428571428,,93.06071871127634,57.0,Thursday
144,2021-02-12,44561,40903.142857142855,37802.857142857145,,83.76703841387855,132.0,Friday
145,2021-02-13,22680,43695.42857142857,37905.71428571428,,45.47707558859975,441.0,Saturday
146,2021-02-14,35566,46554.71428571428,38508.21428571428,,70.01239157372986,243.0,Sunday
147,2021-02-15,67930,46174.57142857143,40268.53571428572,,99.00867410161091,9.0,Monday
148,2021-02-16,28789,43452.71428571428,40228.07142857143,,58.85997521685255,333.0,Tuesday
149,2021-02-17,67505,45946.57142857143,40801.607142857145,,98.76084262701363,11.0,Wednesday
150,2021-02-18,48996,45146.71428571428,41451.107142857145,,89.21933085501858,88.0,Thursday
151,2021-02-19,62473,47705.57142857143,41579.71428571428,,97.39776951672863,22.0,Friday
152,2021-02-20,21341,47514.28571428572,41102.67857142857,,43.49442379182156,457.0,Saturday
153,2021-02-21,29024,46579.71428571428,40931.92857142857,,59.23172242874845,330.0,Sunday
154,2021-02-22,77753,47983.0,41390.857142857145,,99.87608426270135,2.0,Monday
155,2021-02-23,22564,47093.71428571428,41337.357142857145,,45.10532837670384,444.0,Tuesday
156,2021-02-24,49853,44572.0,41366.42857142857,,89.71499380421314,84.0,Wednesday
157,2021-02-25,35177,42597.857142857145,40970.92857142857,,69.39281288723667,248.0,Thursday
158,2021-02-26,37546,39036.857142857145,40888.92857142857,,73.72986369268897,213.0,Friday
159,2021-02-27,1131,36149.71428571428,39381.67857142857,,10.285006195786865,725.0,Saturday
160,2021-02-28,12830,33836.28571428572,38871.57142857143,,28.872366790582404,575.0,Sunday
161,2021-03-01,25802,26414.714285714286,37687.42857142857,,51.6728624535316,391.0,Monday
162,2021-03-02,46729,29866.85714285714,38714.0,,86.36926889714994,111.0,Tuesday
163,2021-03-03,5632,23549.571428571428,37125.82142857143,,17.843866171003718,664.0,Wednesday
164,2021-03-04,10799,20067.0,36010.642857142855,,26.394052044609666,595.0,Thursday
165,2021-03-05,20227,17592.85714285714,36309.607142857145,,41.01610904584882,477.0,Friday
166,2021-03-06,4928,18135.285714285714,36373.67857142857,,16.60470879801735,674.0,Saturday
167,2021-03-07,13454,18224.428571428572,36298.78571428572,,29.8636926889715,567.0,Sunday
168,2021-03-08,45078,20978.14285714286,35387.607142857145,,84.38661710037175,127.0,Monday
169,2021-03-09,56342,22351.428571428572,35691.17857142857,,94.17596034696406,48.0,Tuesday
170,2021-03-10,54809,29376.714285714286,35861.21428571428,,93.43246592317224,54.0,Wednesday
171,2021-03-11,54604,35634.57142857143,35861.53571428572,,93.18463444857497,56.0,Thursday
172,2021-03-12,32982,37456.71428571428,35448.0,,65.92317224287486,276.0,Friday
173,2021-03-13,12911,38597.142857142855,35099.107142857145,,29.120198265179674,573.0,Saturday
174,2021-03-14,24992,40245.42857142857,34721.46428571428,,49.93804213135068,405.0,Sunday
175,2021-03-15,52934,41367.71428571428,34185.892857142855,,91.9454770755886,66.0,Monday
176,2021-03-16,54745,41139.57142857143,35112.892857142855,,93.3085501858736,55.0,Tuesday
177,2021-03-17,50370,40505.42857142857,34500.92857142857,,90.5824039653036,77.0,Wednesday
178,2021-03-18,27299,36604.71428571428,33726.03571428572,,56.25774473358116,354.0,Thursday
179,2021-03-19,36243,37070.57142857143,32789.25,,71.37546468401487,232.0,Friday
180,2021-03-20,14008,37227.28571428572,32527.35714285714,,30.359355638166047,563.0,Saturday
181,2021-03-21,23336,36990.71428571428,32324.214285714286,,46.344485749690215,434.0,Sunday
182,2021-03-22,56792,37541.857142857145,31575.60714285714,,94.42379182156134,46.0,Monday
183,2021-03-23,48908,36708.0,32516.464285714286,,88.90954151177199,90.5,Tuesday
184,2021-03-24,58764,37907.142857142855,32834.71428571428,,95.53903345724906,37.0,Wednesday
185,2021-03-25,60758,42687.0,33748.32142857143,,96.40644361833954,30.0,Thursday
186,2021-03-26,14660,39603.71428571428,32930.96428571428,,31.350681536555143,555.0,Friday
187,2021-03-27,23153,40910.142857142855,33717.46428571428,,46.09665427509294,436.0,Saturday
188,2021-03-28,51603,44948.28571428572,35102.21428571428,,91.32589838909541,71.0,Sunday
189,2021-03-29,43342,43026.857142857145,35728.642857142855,,82.77571251548946,140.0,Monday
190,2021-03-30,59733,44573.28571428572,36193.07142857143,,96.03469640644362,33.0,Tuesday
191,2021-03-31,56913,44308.857142857145,38024.53571428572,,94.54770755885997,45.0,Wednesday
192,2021-04-01,35601,40715.0,38910.32142857143,,70.1363073110285,242.0,Thursday
193,2021-04-02,29135,42782.857142857145,39228.46428571428,,59.479553903345725,328.0,Friday
194,2021-04-03,37120,44778.142857142855,40378.17857142857,,73.35811648079306,216.0,Saturday
195,2021-04-04,7187,38433.0,40154.357142857145,,20.941759603469638,639.0,Sunday
196,2021-04-05,48922,39230.142857142855,40291.642857142855,,89.09541511771994,89.0,Monday
197,2021-04-06,68313,40455.857142857145,40719.17857142857,,99.13258983890955,8.0,Tuesday
198,2021-04-07,62668,41278.0,40999.857142857145,,97.64560099132589,20.0,Wednesday
199,2021-04-08,37012,41479.57142857143,40371.57142857143,,73.23420074349443,217.0,Thursday
200,2021-04-09,6081,38186.142857142855,39410.82142857143,,18.83519206939281,656.0,Friday
201,2021-04-10,0,32883.28571428572,38949.71428571428,,2.7261462205700124,786.0,Saturday
202,2021-04-11,16116,34158.857142857145,38632.71428571428,,33.457249070631974,538.0,Sunday
203,2021-04-12,45196,33626.57142857143,38356.357142857145,,84.51053283767038,126.0,Monday
204,2021-04-13,42413,29926.571428571428,37915.92857142857,,81.5365551425031,150.0,Tuesday
205,2021-04-14,28334,25021.714285714286,37128.92857142857,,57.86864931846345,341.0,Wednesday
206,2021-04-15,45986,26303.714285714286,37796.32142857143,,85.50185873605948,118.0,Thursday
207,2021-04-16,18440,28069.285714285714,37160.5,,37.42255266418835,506.0,Friday
208,2021-04-17,15414,30271.285714285714,37210.71428571428,,32.342007434944236,547.0,Saturday
209,2021-04-18,34733,32930.857142857145,37617.75,,68.52540272614623,255.0,Sunday
210,2021-04-19,36911,31747.285714285714,36907.71428571428,,72.98636926889715,219.0,Monday
211,2021-04-20,54459,33468.142857142855,37105.96428571428,,92.81288723667906,59.0,Tuesday
212,2021-04-21,35475,34488.28571428572,36274.21428571428,,69.7645600991326,245.0,Wednesday
213,2021-04-22,28641,32010.428571428572,35127.17857142857,,58.61214374225526,335.0,Thursday
214,2021-04-23,12724,31193.85714285714,35058.03571428572,,28.624535315985128,577.0,Friday
215,2021-04-24,36785,34246.857142857145,35544.892857142855,,72.36679058240397,224.0,Saturday
216,2021-04-25,4597,29941.714285714286,33866.107142857145,,16.356877323420075,676.0,Sunday
217,2021-04-26,12249,26418.571428571428,32755.64285714286,,27.63320941759603,585.0,Monday
218,2021-04-27,12366,20405.285714285714,31063.964285714286,,28.004956629491947,582.0,Tuesday
219,2021-04-28,14935,17471.0,29564.75,,31.59851301115242,553.0,Wednesday
220,2021-04-29,314,13424.285714285714,28304.5,,7.311028500619579,749.0,Thursday
221,2021-04-30,5337,12369.0,27454.571428571428,,17.348203221809168,668.0,Friday
222,2021-05-01,1062,7265.714285714285,26166.785714285714,,10.037174721189592,727.0,Saturday
223,2021-05-02,2520,6969.0,26000.10714285714,,13.258983890954152,701.0,Sunday
224,2021-05-03,24352,8698.0,25122.60714285714,,48.822800495662946,414.0,Monday
225,2021-05-04,20101,9803.0,23400.75,,40.520446096654275,481.0,Tuesday
226,2021-05-05,0,7669.428571428572,21162.60714285714,,2.7261462205700124,786.0,Wednesday
227,2021-05-06,21886,10751.142857142857,20622.39285714286,,44.114002478314745,452.0,Thursday
228,2021-05-07,21356,13039.57142857143,21167.928571428572,,43.6183395291202,456.0,Friday
229,2021-05-08,9836,14293.0,21519.214285714286,,24.907063197026023,607.0,Saturday
230,2021-05-09,3406,14419.57142857143,21065.285714285714,,14.869888475836431,688.0,Sunday
231,2021-05-10,42051,16948.0,20952.964285714286,,81.16480793060718,153.0,Monday
232,2021-05-11,25235,17681.428571428572,20339.464285714286,,50.6815365551425,399.0,Tuesday
233,2021-05-12,40775,23506.428571428572,20783.785714285714,,78.43866171003717,175.0,Wednesday
234,2021-05-13,34108,25252.428571428572,20359.571428571428,,67.03841387856258,267.0,Thursday
235,2021-05-14,28767,26311.14285714286,20728.39285714286,,58.7360594795539,334.0,Friday
236,2021-05-15,0,24906.0,20177.89285714286,,2.7261462205700124,786.0,Saturday
237,2021-05-16,7139,25439.285714285714,19192.39285714286,,20.817843866171003,640.0,Sunday
238,2021-05-17,35781,24543.571428571428,19152.035714285714,,70.38413878562577,240.0,Monday
239,2021-05-18,32122,25527.428571428572,18354.285714285714,,64.56009913258984,287.0,Tuesday
240,2021-05-19,35168,24726.428571428572,18343.321428571428,,69.26889714993804,249.0,Wednesday
241,2021-05-20,30697,24239.14285714286,18416.75,,61.58612143742255,311.0,Thursday
242,2021-05-21,20883,23112.85714285714,18708.14285714286,,42.00743494423792,469.0,Friday
243,2021-05-22,19741,25933.0,18099.428571428572,,39.77695167286245,487.0,Saturday
244,2021-05-23,20175,27795.285714285714,18655.785714285714,,40.89219330855018,478.0,Sunday
245,2021-05-24,36838,27946.285714285714,19533.964285714286,,72.73853779429987,221.0,Monday
246,2021-05-25,46395,29985.285714285714,20749.285714285714,,85.87360594795538,115.0,Tuesday
247,2021-05-26,38854,30511.85714285714,21603.535714285714,,76.33209417596035,192.0,Wednesday
248,2021-05-27,22674,29365.714285714286,22402.10714285714,,45.353159851301115,442.0,Thursday
249,2021-05-28,26113,30112.85714285714,23144.10714285714,,52.540272614622054,384.0,Friday
250,2021-05-29,18290,29905.571428571428,23759.39285714286,,37.05080545229244,509.0,Saturday
251,2021-05-30,28997,31165.85714285714,24705.0,,58.98389095415118,332.0,Sunday
252,2021-05-31,4833,26593.714285714286,24007.89285714286,,16.480793060718714,675.0,Monday
253,2021-06-01,24829,23512.85714285714,24176.75,,49.69021065675341,407.0,Tuesday
254,2021-06-02,36930,23238.0,25495.678571428572,,73.11028500619578,218.0,Wednesday
255,2021-06-03,40542,25790.571428571428,26161.964285714286,,78.06691449814126,178.0,Thursday
256,2021-06-04,45297,28531.14285714286,27017.0,,84.63444857496903,125.0,Friday
257,2021-06-05,4136,26509.14285714286,26813.428571428572,,15.861214374225527,680.0,Saturday
258,2021-06-06,1084,22521.571428571428,26730.5,,10.161090458488228,726.0,Sunday
259,2021-06-07,10059,23268.14285714286,25587.928571428572,,25.402726146220573,603.0,Monday
260,2021-06-08,25490,23362.571428571428,25597.035714285714,,51.053283767038415,396.0,Tuesday
261,2021-06-09,10370,19568.285714285714,24511.14285714286,,25.650557620817843,601.0,Wednesday
262,2021-06-10,21211,16806.714285714286,24050.535714285714,,43.12267657992565,460.0,Thursday
263,2021-06-11,9331,11668.714285714286,23356.39285714286,,24.03965303593556,614.0,Friday
264,2021-06-12,2311,11408.0,23438.928571428572,,12.763320941759604,705.0,Saturday
265,2021-06-13,2081,11550.42857142857,23258.285714285714,,12.391573729863694,708.0,Sunday
266,2021-06-14,18980,12824.857142857143,22658.25,,38.78562577447336,495.0,Monday
267,2021-06-15,32662,13849.42857142857,22677.535714285714,,65.55142503097893,279.0,Tuesday
268,2021-06-16,39301,17982.428571428572,22825.14285714286,,76.82775712515489,188.0,Wednesday
269,2021-06-17,25310,18568.0,22632.75,,50.805452292441146,398.0,Thursday
270,2021-06-18,11055,18814.285714285714,22281.75,,26.517967781908304,594.0,Friday
271,2021-06-19,5258,19235.285714285714,21764.5,,17.224287484510533,669.0,Saturday
272,2021-06-20,9107,20239.0,21369.214285714286,,23.42007434944238,619.0,Sunday
273,2021-06-21,20104,20399.571428571428,20771.571428571428,,40.644361833952914,480.0,Monday
274,2021-06-22,28596,19818.714285714286,20135.89285714286,,58.48822800495663,336.0,Tuesday
275,2021-06-23,25414,17834.85714285714,19655.89285714286,,50.92936802973978,397.0,Wednesday
276,2021-06-24,22398,17418.85714285714,19646.035714285714,,44.73358116480793,447.0,Thursday
277,2021-06-25,38387,21323.428571428572,20084.39285714286,,75.09293680297398,202.0,Friday
278,2021-06-26,19505,23358.714285714286,20127.785714285714,,39.281288723667906,491.0,Saturday
279,2021-06-27,5931,22905.0,19304.0,,18.339529120198264,660.0,Sunday
280,2021-06-28,29133,24194.85714285714,20171.85714285714,,59.355638166047086,329.0,Monday
281,2021-06-29,31937,24672.14285714286,20425.714285714286,,63.94052044609665,292.0,Tuesday
282,2021-06-30,25145,24633.714285714286,20004.821428571428,,50.43370508054523,401.0,Wednesday
283,2021-07-01,45709,27963.85714285714,20189.35714285714,,85.13011152416357,121.0,Thursday
284,2021-07-02,27532,26413.14285714286,19554.89285714286,,56.3816604708798,353.0,Friday
285,2021-07-03,19280,26381.0,20095.75,,39.03345724907063,493.0,Saturday
286,2021-07-04,1919,25807.85714285714,20125.571428571428,,12.267657992565056,709.0,Sunday
287,2021-07-05,14317,23691.285714285714,20277.64285714286,,30.978934324659228,558.0,Monday
288,2021-07-06,33628,23932.85714285714,20568.285714285714,,66.29491945477075,273.0,Tuesday
289,2021-07-07,28521,24415.14285714286,21216.535714285714,,58.36431226765799,337.0,Wednesday
290,2021-07-08,27854,21864.428571428572,21453.785714285714,,56.877323420074354,349.0,Thursday
291,2021-07-09,28341,21980.0,22132.714285714286,,57.99256505576208,340.0,Friday
292,2021-07-10,14439,21288.428571428572,22565.85714285714,,31.226765799256505,556.0,Saturday
293,2021-07-11,9498,22371.14285714286,22830.75,,24.287484510532835,612.0,Sunday
294,2021-07-12,35969,25464.285714285714,23437.5,,71.00371747211895,235.0,Monday
295,2021-07-13,33876,25499.714285714286,23480.85714285714,,66.66666666666666,270.0,Tuesday
296,2021-07-14,16210,23741.0,22656.178571428572,,33.705080545229244,536.0,Wednesday
297,2021-07-15,35425,24822.571428571428,23017.428571428572,,69.64064436183395,246.0,Thursday
298,2021-07-16,30617,25147.714285714286,23716.071428571428,,61.46220570012392,312.0,Friday
299,2021-07-17,21668,26180.428571428572,24302.14285714286,,43.99008674101611,453.0,Saturday
300,2021-07-18,29008,28967.571428571428,25012.89285714286,,59.10780669144982,331.0,Sunday
301,2021-07-19,43823,30089.571428571428,25860.0,,83.14745972738538,137.0,Monday
302,2021-07-20,15070,27403.0,25376.928571428572,,31.970260223048324,550.0,Tuesday
303,2021-07-21,39804,30773.571428571428,25890.85714285714,,77.44733581164807,183.0,Wednesday
304,2021-07-22,44125,32016.428571428572,26666.821428571428,,83.39529120198264,135.0,Thursday
305,2021-07-23,25097,31227.85714285714,26192.178571428572,,50.30978934324659,402.0,Friday
306,2021-07-24,38692,33659.857142857145,26877.428571428572,,75.46468401486989,199.0,Saturday
307,2021-07-25,25075,33098.0,27561.14285714286,,50.06195786864932,404.0,Sunday
308,2021-07-26,31564,31346.714285714286,27647.964285714286,,63.320941759603464,297.0,Monday
309,2021-07-27,27861,33174.0,27502.39285714286,,57.001239157372986,348.0,Tuesday
310,2021-07-28,35862,32610.85714285714,27885.14285714286,,70.75588599752169,237.0,Wednesday
311,2021-07-29,48558,33244.142857142855,27986.89285714286,,88.47583643122677,94.0,Thursday
312,2021-07-30,31219,34118.71428571428,28118.571428571428,,62.32961586121437,305.0,Friday
313,2021-07-31,20576,31530.714285714286,28164.85714285714,,41.63568773234201,472.0,Saturday
314,2021-08-01,7296,28990.85714285714,28356.89285714286,,21.065675340768276,638.0,Sunday
315,2021-08-02,42704,30582.285714285714,29370.714285714286,,81.90830235439901,147.0,Monday
316,2021-08-03,47937,33450.28571428572,29881.75,,87.73234200743495,100.0,Tuesday
317,2021-08-04,21552,31406.0,29632.85714285714,,43.866171003717476,454.0,Wednesday
318,2021-08-05,32184,29066.85714285714,29787.5,,64.86988847583643,284.5,Thursday
319,2021-08-06,44586,30976.428571428572,30367.678571428572,,83.8909541511772,131.0,Friday
320,2021-08-07,17377,30519.428571428572,30472.60714285714,,35.811648079306075,519.0,Saturday
321,2021-08-08,6318,30379.714285714286,30359.035714285714,,19.516728624535315,650.5,Sunday
322,2021-08-09,24429,27769.0,29946.89285714286,,49.07063197026022,412.0,Monday
323,2021-08-10,35670,26016.571428571428,30010.964285714286,,70.26022304832715,241.0,Tuesday
324,2021-08-11,24372,26419.428571428572,30302.464285714286,,48.946716232961585,413.0,Wednesday
325,2021-08-12,43453,28029.285714285714,30589.178571428572,,82.8996282527881,139.0,Thursday
326,2021-08-13,36656,26896.428571428572,30804.85714285714,,71.87112763320943,228.0,Friday
327,2021-08-14,17281,26882.714285714286,30648.178571428572,,35.5638166047088,521.0,Saturday
328,2021-08-15,1830,26241.571428571428,29677.535714285714,,12.143742255266417,710.0,Sunday
329,2021-08-16,41641,28700.428571428572,29599.60714285714,,80.04956629491944,162.0,Monday
330,2021-08-17,23921,27022.0,29915.714285714286,,47.95539033457249,421.0,Tuesday
331,2021-08-18,11283,25152.14285714286,28897.10714285714,,26.765799256505574,592.0,Wednesday
332,2021-08-19,31529,23448.714285714286,28447.25,,63.19702602230484,298.0,Thursday
333,2021-08-20,36314,23399.85714285714,28847.85714285714,,71.62329615861215,230.0,Friday
334,2021-08-21,3834,21478.85714285714,27602.928571428572,,15.613382899628252,682.0,Saturday
335,2021-08-22,11392,22844.85714285714,27114.25,,27.137546468401485,589.0,Sunday
336,2021-08-23,26247,20645.714285714286,26924.35714285714,,53.03593556381661,380.0,Monday
337,2021-08-24,31339,21705.428571428572,27048.571428571428,,62.70136307311029,302.0,Tuesday
338,2021-08-25,20123,22968.285714285714,26486.464285714286,,40.76827757125155,479.0,Wednesday
339,2021-08-26,12438,20241.0,25196.464285714286,,28.12887236679058,581.0,Thursday
340,2021-08-27,82,15065.0,24084.428571428572,,6.071871127633209,759.0,Friday
341,2021-08-28,0,14517.285714285714,23349.571428571428,,2.7261462205700124,786.0,Saturday
342,2021-08-29,942,13024.42857142857,23122.64285714286,,9.293680297397769,733.0,Sunday
343,2021-08-30,30002,13560.857142857143,22669.0,,60.84262701363073,317.0,Monday
344,2021-08-31,38238,14546.42857142857,22322.60714285714,,74.8451053283767,204.0,Tuesday
345,2021-09-01,19699,14485.857142857143,22256.428571428572,,39.65303593556382,488.0,Wednesday
346,2021-09-02,16876,15119.857142857143,21709.714285714286,,34.94423791821561,526.0,Thursday
347,2021-09-03,7045,16114.57142857143,20368.964285714286,,20.693928128872365,641.0,Friday
348,2021-09-04,6199,17000.14285714286,19969.75,,19.206939281288722,653.0,Saturday
349,2021-09-05,6152,17744.428571428572,19963.821428571428,,19.083023543990087,654.0,Sunday
350,2021-09-06,20992,16457.285714285714,19841.071428571428,,42.50309789343247,465.0,Monday
351,2021-09-07,42412,17053.571428571428,20081.85714285714,,81.41263940520446,151.0,Tuesday
352,2021-09-08,48699,21196.428571428572,20950.678571428572,,88.5997521685254,93.0,Wednesday
353,2021-09-09,22077,21939.428571428572,20187.25,,44.36183395291202,450.0,Thursday
354,2021-09-10,25543,24582.0,19790.35714285714,,51.42503097893433,393.0,Friday
355,2021-09-11,37576,29064.428571428572,20515.178571428572,,73.85377942998761,212.0,Saturday
356,2021-09-12,13412,30101.571428571428,20928.821428571428,,29.739776951672862,568.0,Sunday
357,2021-09-13,40983,32957.42857142857,20905.321428571428,,78.68649318463446,173.0,Monday
358,2021-09-14,50865,34165.0,21867.60714285714,,90.70631970260223,76.0,Tuesday
359,2021-09-15,45412,33695.42857142857,23086.5,,85.00619578686494,122.0,Wednesday
360,2021-09-16,51579,37910.0,23802.571428571428,,91.20198265179678,72.0,Thursday
361,2021-09-17,21041,37266.857142857145,23257.10714285714,,42.627013630731106,464.0,Friday
362,2021-09-18,8421,33101.857142857145,23420.928571428572,,22.55266418835192,626.0,Saturday
363,2021-09-19,8668,32424.14285714286,23323.64285714286,,22.92441140024783,623.0,Sunday
364,2021-09-20,38117,32014.714285714286,23747.571428571428,29795.81917808219,74.72118959107806,205.0,Monday
365,2021-09-21,34264,29643.14285714286,23852.035714285714,29837.416438356166,67.41016109045849,264.0,Tuesday
366,2021-09-22,60820,31844.285714285714,25305.5,29914.26301369863,96.53035935563817,29.0,Wednesday
367,2021-09-23,65907,33891.142857142855,27215.10714285714,30006.98082191781,98.38909541511772,14.0,Thursday
368,2021-09-24,14264,32923.0,27721.60714285714,29950.997260273973,30.73110285006196,560.0,Friday
369,2021-09-25,6475,32645.0,27952.85714285714,29839.865753424656,19.950433705080545,647.0,Saturday
370,2021-09-26,4496,32049.0,28079.785714285714,29760.15068493151,16.109045848822802,678.0,Sunday
371,2021-09-27,65464,35955.71428571428,29346.285714285714,29877.05205479452,98.26517967781908,15.0,Monday
372,2021-09-28,34911,36048.142857142855,29227.464285714286,29873.649315068495,68.64931846344486,254.0,Tuesday
373,2021-09-29,55472,35284.142857142855,30505.071428571428,29895.246575342466,93.92812887236678,50.0,Wednesday
374,2021-09-30,45730,32401.714285714286,31535.571428571428,29907.832876712328,85.25402726146221,120.0,Thursday
375,2021-10-01,44509,36722.42857142857,32873.57142857143,29852.04109589041,83.51920693928129,134.0,Friday
376,2021-10-02,17803,38340.71428571428,33288.0,29837.580821917807,36.30731102850062,515.0,Saturday
377,2021-10-03,16314,40029.0,33650.92857142857,29735.81917808219,33.95291201982652,534.0,Sunday
378,2021-10-04,49460,37742.71428571428,34667.642857142855,29799.901369863015,89.59107806691449,85.0,Monday
379,2021-10-05,59511,41257.0,35278.32142857143,29834.55616438356,95.91078066914498,34.0,Tuesday
380,2021-10-06,35976,38471.857142857145,34823.92857142857,29814.9698630137,71.1276332094176,234.0,Wednesday
381,2021-10-07,40866,37777.0,35494.96428571428,29797.56712328767,78.56257744733581,174.0,Thursday
382,2021-10-08,13504,33347.71428571428,35065.0,29667.742465753425,29.987608426270135,566.0,Friday
383,2021-10-09,25832,34494.71428571428,34645.57142857143,29598.698630136987,51.79677819083024,390.0,Saturday
384,2021-10-10,39724,37839.0,35585.28571428572,29650.038356164383,77.32342007434944,184.0,Sunday
385,2021-10-11,57380,38970.42857142857,36170.892857142855,29777.94794520548,94.79553903345726,43.0,Monday
386,2021-10-12,66517,39971.28571428572,36729.892857142855,29886.202739726028,98.636926889715,12.0,Tuesday
387,2021-10-13,58065,43126.857142857145,37181.78571428572,29952.904109589042,95.16728624535315,40.0,Wednesday
388,2021-10-14,65935,46708.142857142855,37694.5,30001.038356164383,98.51301115241635,13.0,Thursday
389,2021-10-15,30753,49172.28571428572,38041.357142857145,30033.476712328767,61.83395291201983,309.0,Friday
390,2021-10-16,429,45543.28571428572,37755.92857142857,29984.076712328766,7.558859975216853,747.0,Saturday
391,2021-10-17,298,39911.0,37457.0,29910.621917808217,7.063197026022305,751.0,Sunday
392,2021-10-18,44970,38138.142857142855,37701.75,29919.101369863012,84.2627013630731,128.0,Monday
393,2021-10-19,52223,36096.142857142855,38343.142857142855,29930.24109589041,91.57372986369269,69.0,Tuesday
394,2021-10-20,23844,31207.428571428572,37022.57142857143,29882.449315068494,47.70755885997522,423.0,Wednesday
395,2021-10-21,41177,27670.571428571428,36139.357142857145,29880.994520547945,79.182156133829,169.0,Thursday
396,2021-10-22,23366,26615.285714285714,36464.42857142857,29838.616438356163,46.592317224287484,432.0,Friday
397,2021-10-23,9473,27907.285714285714,36571.5,29730.575342465752,24.1635687732342,613.0,Saturday
398,2021-10-24,0,27864.714285714286,36410.92857142857,29688.780821917808,2.7261462205700124,786.0,Sunday
399,2021-10-25,54958,29291.571428571428,36035.71428571428,29836.098630136985,93.55638166047088,53.0,Monday
400,2021-10-26,62922,30820.0,37036.107142857145,29899.287671232876,97.76951672862454,19.0,Tuesday
401,2021-10-27,47200,34156.57142857143,36740.67857142857,29882.805479452054,86.98884758364312,106.0,Wednesday
402,2021-10-28,49860,35397.0,36888.17857142857,29873.249315068493,89.83890954151177,83.0,Thursday
403,2021-10-29,1554,32281.0,35354.07142857143,29735.60821917808,11.648079306071871,714.0,Friday
404,2021-10-30,10239,32390.428571428572,35083.92857142857,29645.479452054795,25.526641883519208,602.0,Saturday
405,2021-10-31,7001,33390.57142857143,34751.32142857143,29664.660273972604,20.57001239157373,642.0,Sunday
406,2021-11-01,3768,26077.714285714286,33119.46428571428,29658.84931506849,15.489467162329614,683.0,Monday
407,2021-11-02,0,17088.85714285714,30994.071428571428,29592.81917808219,2.7261462205700124,786.0,Tuesday
408,2021-11-03,39306,15961.142857142857,31113.0,29646.882191780824,76.95167286245353,187.0,Wednesday
409,2021-11-04,39199,14438.142857142857,31053.464285714286,29597.043835616438,76.57992565055763,190.0,Thursday
410,2021-11-05,26646,18022.714285714286,31522.821428571428,29515.731506849315,54.27509293680297,370.0,Friday
411,2021-11-06,29173,20727.571428571428,31642.14285714286,29458.4,59.603469640644356,327.0,Saturday
412,2021-11-07,2216,20044.0,30302.571428571428,29407.750684931507,12.639405204460965,706.0,Sunday
413,2021-11-08,54575,27302.14285714286,30202.39285714286,29495.630136986303,92.93680297397769,58.0,Monday
414,2021-11-09,73788,37843.28571428572,30462.071428571428,29584.802739726027,99.50433705080545,5.0,Tuesday
415,2021-11-10,37456,37579.0,29726.035714285714,29615.427397260275,73.60594795539033,214.0,Wednesday
416,2021-11-11,26299,35736.142857142855,28310.464285714286,29557.498630136986,53.407682775712516,377.0,Thursday
417,2021-11-12,36267,37110.57142857143,28507.39285714286,29510.983561643836,71.4993804213135,231.0,Friday
418,2021-11-13,35023,37946.28571428572,29742.89285714286,29521.30410958904,69.14498141263941,250.0,Saturday
419,2021-11-14,1224,37804.57142857143,29775.964285714286,29447.219178082192,10.780669144981413,721.0,Sunday
420,2021-11-15,19834,32841.57142857143,28878.25,29428.81917808219,40.272614622057,483.0,Monday
421,2021-11-16,52537,29805.714285714286,28889.464285714286,29427.87123287671,91.69764560099132,68.0,Tuesday
422,2021-11-17,42004,30455.428571428572,29538.035714285714,29378.164383561645,80.91697645600992,155.0,Wednesday
423,2021-11-18,29692,30940.14285714286,29127.85714285714,29304.843835616437,59.97521685254027,324.0,Thursday
424,2021-11-19,32493,30401.0,29453.821428571428,29187.1698630137,65.30359355638166,281.0,Friday
425,2021-11-20,2588,25767.428571428572,29207.928571428572,29117.45205479452,13.506815365551425,699.0,Saturday
426,2021-11-21,0,25592.571428571428,29207.928571428572,29066.465753424658,2.7261462205700124,786.0,Sunday
427,2021-11-22,50259,29939.0,29040.10714285714,29101.038356164383,90.33457249070632,79.0,Monday
428,2021-11-23,41000,28290.85714285714,28257.178571428572,29004.290410958904,78.81040892193309,172.0,Tuesday
429,2021-11-24,0,22290.285714285714,26571.464285714286,28983.479452054795,2.7261462205700124,786.0,Wednesday
430,2021-11-25,0,18048.571428571428,24790.75,28966.87123287671,2.7261462205700124,786.0,Thursday
431,2021-11-26,2348,13742.142857142857,24819.10714285714,28972.660273972604,12.887236679058239,704.0,Friday
432,2021-11-27,2615,13746.0,24546.821428571428,28898.317808219177,13.630731102850064,698.0,Saturday
433,2021-11-28,41185,19629.571428571428,25767.678571428572,29010.821917808218,79.30607187112764,168.0,Sunday
434,2021-11-29,38798,17992.285714285714,27018.75,29024.145205479454,75.8364312267658,196.0,Monday
435,2021-11-30,36822,17395.428571428572,28333.821428571428,28940.005479452055,72.61462205700124,222.0,Tuesday
436,2021-12-01,29954,21674.571428571428,27999.821428571428,28964.024657534246,60.718711276332094,318.0,Wednesday
437,2021-12-02,48187,28558.428571428572,28320.821428571428,28976.498630136986,87.98017348203221,98.0,Thursday
438,2021-12-03,14409,30281.428571428572,27883.785714285714,28847.65479452055,31.10285006195787,557.0,Friday
439,2021-12-04,3196,30364.428571428572,26956.035714285714,28782.04109589041,14.49814126394052,691.0,Saturday
440,2021-12-05,11364,26104.285714285714,27282.75,28714.983561643836,27.01363073110285,590.0,Sunday
441,2021-12-06,58253,28883.571428571428,27414.10714285714,28866.97808219178,95.41511771995044,38.0,Monday
442,2021-12-07,46330,30241.85714285714,26433.464285714286,28869.791780821917,85.74969021065675,116.0,Tuesday
443,2021-12-08,16706,28349.285714285714,25692.39285714286,28870.827397260273,34.44857496902107,530.0,Wednesday
444,2021-12-09,26809,25295.285714285714,25710.60714285714,28792.394520547947,54.770755885997524,366.0,Thursday
445,2021-12-10,29714,27481.714285714286,25476.571428571428,28758.438356164384,60.09913258983891,323.0,Friday
446,2021-12-11,17192,29481.14285714286,24839.75,28654.290410958904,35.43990086741016,522.0,Saturday
447,2021-12-12,7832,28976.571428571428,25075.75,28569.35616438356,21.933085501858738,631.0,Sunday
448,2021-12-13,19344,23418.14285714286,25058.25,28560.33698630137,39.15737298636927,492.0,Monday
449,2021-12-14,57328,24989.285714285714,25229.35714285714,28616.687671232878,94.67162329615861,44.0,Tuesday
450,2021-12-15,12534,24393.285714285714,24176.85714285714,28481.249315068493,28.376703841387858,579.0,Wednesday
451,2021-12-16,36460,25772.0,24418.571428571428,28453.857534246574,71.74721189591078,229.0,Thursday
452,2021-12-17,37707,26913.85714285714,24604.785714285714,28447.550684931506,74.10161090458487,210.0,Friday
453,2021-12-18,23697,27843.14285714286,25358.678571428572,28388.153424657536,47.33581164807931,426.0,Saturday
454,2021-12-19,476,26792.285714285714,25375.678571428572,28348.460273972603,7.930607187112764,744.0,Sunday
455,2021-12-20,6643,24977.85714285714,23817.964285714286,28277.49315068493,20.074349442379184,646.0,Monday
456,2021-12-21,9560,18153.85714285714,22695.10714285714,28238.81095890411,24.411400247831473,611.0,Tuesday
457,2021-12-22,975,16502.571428571428,22729.928571428572,28193.920547945207,9.66542750929368,730.0,Wednesday
458,2021-12-23,460,11359.714285714286,22746.35714285714,28193.197260273973,7.806691449814126,745.0,Thursday
459,2021-12-24,0,5973.0,22662.5,28179.26301369863,2.7261462205700124,786.0,Friday
460,2021-12-25,0,2587.714285714286,22569.10714285714,28169.2,2.7261462205700124,786.0,Saturday
461,2021-12-26,0,2519.714285714286,21098.214285714286,28166.298630136986,2.7261462205700124,786.0,Sunday
462,2021-12-27,0,1570.7142857142858,19712.571428571428,28158.934246575343,2.7261462205700124,786.0,Monday
463,2021-12-28,0,205.0,18397.5,28123.512328767123,2.7261462205700124,786.0,Tuesday
464,2021-12-29,0,65.71428571428571,17327.714285714286,28100.28219178082,2.7261462205700124,786.0,Wednesday
465,2021-12-30,0,0.0,15606.75,28094.435616438357,2.7261462205700124,786.0,Thursday
466,2021-12-31,806,115.14285714285714,15120.92857142857,28096.64383561644,8.921933085501859,736.0,Friday
467,2022-01-01,5148,850.5714285714286,15190.642857142857,28103.69589041096,17.100371747211895,670.0,Saturday
468,2022-01-02,5887,1691.5714285714287,14995.035714285714,28106.197260273973,18.09169764560099,662.0,Sunday
469,2022-01-03,8017,2836.8571428571427,13200.892857142857,28067.487671232877,22.18091697645601,629.0,Monday
470,2022-01-04,572,2918.5714285714284,11566.67857142857,28030.580821917807,8.426270136307311,740.0,Tuesday
471,2022-01-05,1194,3089.1428571428573,11012.67857142857,27961.912328767125,10.656753407682777,722.0,Wednesday
472,2022-01-06,9812,4490.857142857143,10405.642857142857,27938.446575342467,24.783147459727388,608.0,Thursday
473,2022-01-07,23340,7710.0,10178.0,27891.320547945204,46.468401486988846,433.0,Friday
474,2022-01-08,15991,9259.0,10135.107142857143,27797.36712328767,33.33333333333333,539.0,Saturday
475,2022-01-09,1,8418.142857142857,9855.42857142857,27713.602739726026,5.452292441140025,764.0,Sunday
476,2022-01-10,26002,10987.42857142857,10093.214285714286,27715.723287671233,52.29244114002478,386.0,Monday
477,2022-01-11,20433,13824.714285714286,8775.535714285714,27631.786301369862,41.511771995043375,473.0,Tuesday
478,2022-01-12,28348,17703.85714285714,9340.32142857143,27621.671232876713,58.116480793060724,339.0,Wednesday
479,2022-01-13,58190,24615.0,10116.392857142857,27780.265753424657,95.2912019826518,39.0,Thursday
480,2022-01-14,23706,24667.285714285714,9616.357142857143,27722.095890410958,47.459727385377946,425.0,Friday
481,2022-01-15,48225,29272.14285714286,10492.357142857143,27784.271232876712,88.10408921933085,97.0,Saturday
482,2022-01-16,5965,30124.14285714286,10688.392857142857,27746.36712328767,18.587360594795538,658.0,Sunday
483,2022-01-17,24846,29959.0,11338.5,27763.216438356165,49.814126394052046,406.0,Monday
484,2022-01-18,41952,33033.142857142855,12495.357142857143,27827.08219178082,80.79306071871127,156.0,Tuesday
485,2022-01-19,44061,35277.857142857145,14034.142857142857,27865.81917808219,83.27137546468401,136.0,Wednesday
486,2022-01-20,42902,33093.857142857145,15549.92857142857,27842.41095890411,82.03221809169764,146.0,Thursday
487,2022-01-21,60953,38414.857142857145,17726.821428571428,27924.994520547945,96.77819083023545,27.0,Friday
488,2022-01-22,15741,33774.28571428572,18289.0,27806.827397260273,33.08550185873606,541.0,Saturday
489,2022-01-23,32192,37521.0,19438.714285714286,27799.961643835617,65.05576208178438,283.0,Sunday
490,2022-01-24,27822,37946.142857142855,20432.35714285714,27783.569863013698,56.753407682775716,350.0,Monday
491,2022-01-25,41528,37885.57142857143,21915.5,27719.528767123287,79.80173482032218,164.0,Tuesday
492,2022-01-26,41673,37544.42857142857,23403.821428571428,27767.77808219178,80.17348203221809,161.0,Wednesday
493,2022-01-27,22502,34630.142857142855,24207.464285714286,27695.07397260274,44.98141263940521,445.0,Thursday
494,2022-01-28,2382,26262.85714285714,24263.75,27574.88493150685,13.011152416356877,703.0,Friday
495,2022-01-29,26572,27810.14285714286,25028.89285714286,27538.528767123287,54.15117719950434,371.0,Saturday
496,2022-01-30,3654,23733.285714285714,24949.14285714286,27429.816438356163,15.117719950433706,686.0,Sunday
497,2022-01-31,19622,22561.85714285714,25363.60714285714,27409.29315068493,39.529120198265176,489.0,Monday
498,2022-02-01,32163,21224.0,26491.85714285714,27335.882191780824,64.68401486988847,286.0,Tuesday
499,2022-02-02,18906,17971.571428571428,27124.428571428572,27338.405479452056,38.413878562577445,498.0,Wednesday
500,2022-02-03,8715,16002.0,27085.25,27225.01917808219,23.296158612143742,620.0,Thursday
501,2022-02-04,14949,17797.285714285714,26785.571428571428,27150.84109589041,31.722428748451055,552.0,Friday
502,2022-02-05,8075,15154.857142857143,26502.85714285714,27140.482191780822,22.304832713754646,628.0,Saturday
503,2022-02-06,6414,15549.142857142857,26731.89285714286,27149.468493150685,19.702602230483272,649.0,Sunday
504,2022-02-07,41850,18724.571428571428,27297.89285714286,27221.520547945205,80.42131350681537,159.0,Monday
505,2022-02-08,18543,16778.85714285714,27230.39285714286,27078.923287671234,37.67038413878562,504.0,Tuesday
506,2022-02-09,40606,19878.85714285714,27668.178571428572,27059.098630136985,78.1908302354399,177.0,Wednesday
507,2022-02-10,16899,21048.0,26193.5,26968.279452054794,35.19206939281288,524.0,Thursday
508,2022-02-11,0,18912.428571428572,25346.85714285714,26818.70410958904,2.7261462205700124,786.0,Friday
509,2022-02-12,0,17758.85714285714,23624.535714285714,26696.61917808219,2.7261462205700124,786.0,Saturday
510,2022-02-13,9571,18209.85714285714,23753.321428571428,26660.70410958904,24.53531598513011,610.0,Sunday
511,2022-02-14,12485,14014.857142857143,23311.85714285714,26597.468493150685,28.25278810408922,580.0,Monday
512,2022-02-15,28291,15407.42857142857,22823.964285714286,26488.868493150683,57.74473358116481,342.0,Tuesday
513,2022-02-16,34208,14493.42857142857,22472.071428571428,26503.71506849315,67.28624535315984,265.0,Wednesday
514,2022-02-17,17688,14606.142857142857,21571.571428571428,26367.2301369863,36.059479553903344,517.0,Thursday
515,2022-02-18,16891,17019.14285714286,19997.928571428572,26279.271232876712,35.06815365551425,525.0,Friday
516,2022-02-19,1264,17199.714285714286,19480.89285714286,26111.575342465752,10.90458488228005,720.0,Saturday
517,2022-02-20,0,15832.42857142857,18331.178571428572,26053.106849315067,2.7261462205700124,786.0,Sunday
518,2022-02-21,29610,18278.85714285714,18395.035714285714,26054.712328767124,59.85130111524164,325.0,Monday
519,2022-02-22,38647,19758.285714285714,18292.14285714286,25947.572602739725,75.34076827757124,200.0,Tuesday
520,2022-02-23,26538,18662.571428571428,17751.60714285714,25958.460273972603,53.77942998760843,374.0,Wednesday
521,2022-02-24,5637,16941.0,17149.285714285714,25837.320547945204,17.967781908302356,663.0,Thursday
522,2022-02-25,22079,17682.14285714286,17852.75,25801.435616438357,44.48574969021066,449.0,Friday
523,2022-02-26,0,17501.571428571428,16903.75,25698.569863013698,2.7261462205700124,786.0,Saturday
524,2022-02-27,5958,18352.714285714286,16986.035714285714,25711.794520547945,18.463444857496903,659.0,Sunday
525,2022-02-28,31923,18683.14285714286,17425.35714285714,25764.10410958904,63.69268897149938,294.0,Monday
526,2022-03-01,39642,18825.285714285714,17692.464285714286,25802.02191780822,77.07558859975217,186.0,Tuesday
527,2022-03-02,25990,18747.0,17945.464285714286,25745.202739726028,52.168525402726154,387.0,Wednesday
528,2022-03-03,23558,21307.14285714286,18475.571428571428,25794.31506849315,47.08798017348203,428.0,Thursday
529,2022-03-04,1633,18386.285714285714,18000.0,25769.202739726028,11.771995043370508,713.0,Friday
530,2022-03-05,317,18431.571428571428,17722.928571428572,25714.65479452055,7.434944237918216,748.0,Saturday
531,2022-03-06,10470,19076.14285714286,17867.785714285714,25729.838356164382,25.774473358116477,600.0,Sunday
532,2022-03-07,35513,19589.0,17641.464285714286,25790.27397260274,69.88847583643123,244.0,Monday
533,2022-03-08,9169,15235.714285714286,17306.678571428572,25691.893150684933,23.667905824039654,617.0,Tuesday
534,2022-03-09,8712,12767.42857142857,16167.607142857143,25561.4,23.172242874845107,621.0,Wednesday
535,2022-03-10,8227,10577.285714285714,15857.892857142857,25433.77808219178,22.428748451053284,627.0,Thursday
536,2022-03-11,149,10365.285714285714,15863.214285714286,25284.58630136986,6.5055762081784385,755.5,Friday
537,2022-03-12,439,10382.714285714286,15878.892857142857,25195.427397260275,7.68277571251549,746.0,Saturday
538,2022-03-13,149,8908.285714285714,15542.392857142857,25160.46301369863,6.5055762081784385,755.5,Sunday
539,2022-03-14,28,3839.0,15097.5,25092.068493150684,5.700123915737299,762.0,Monday
540,2022-03-15,501,2600.714285714286,14105.0,24948.416438356166,8.054522924411401,743.0,Tuesday
541,2022-03-16,588,1440.142857142857,12904.285714285714,24800.04109589041,8.550185873605948,739.0,Wednesday
542,2022-03-17,3243,728.1428571428571,12388.392857142857,24670.92602739726,14.745972738537795,689.0,Thursday
543,2022-03-18,602,792.8571428571429,11806.642857142857,24597.783561643835,8.674101610904584,738.0,Friday
544,2022-03-19,15496,2943.8571428571427,12314.92857142857,24540.942465753425,32.465923172242874,546.0,Saturday
545,2022-03-20,3742,3457.1428571428573,12448.57142857143,24512.816438356163,15.36555142503098,684.0,Sunday
546,2022-03-21,17507,5954.142857142857,12016.32142857143,24496.846575342464,35.93556381660471,518.0,Monday
547,2022-03-22,30165,10191.857142857143,11713.392857142857,24423.89589041096,61.09045848822801,315.0,Tuesday
548,2022-03-23,60708,18780.428571428572,12933.75,24456.224657534247,96.28252788104089,31.0,Wednesday
549,2022-03-24,18577,20971.0,13395.892857142857,24346.12328767123,37.79429987608427,503.0,Thursday
550,2022-03-25,18102,23471.0,13253.857142857143,24229.257534246575,36.67905824039653,512.0,Friday
551,2022-03-26,34319,26160.0,14479.535714285714,24283.117808219176,67.53407682775713,263.0,Saturday
552,2022-03-27,20228,28515.14285714286,14989.17857142857,24275.10410958904,41.14002478314746,476.0,Sunday
553,2022-03-28,45768,32552.428571428572,15483.642857142857,24259.117808219176,85.37794299876084,119.0,Monday
554,2022-03-29,39656,33908.28571428572,15484.142857142857,24249.01917808219,77.19950433705081,185.0,Tuesday
555,2022-03-30,30980,29661.428571428572,15662.357142857143,24170.24383561644,62.0817843866171,307.0,Wednesday
556,2022-03-31,48381,33919.142857142855,16548.89285714286,24146.868493150683,88.35192069392814,95.0,Thursday
557,2022-04-01,37320,36664.57142857143,17823.428571428572,24151.57808219178,73.4820322180917,215.0,Friday
558,2022-04-02,18316,34378.42857142857,18466.25,24121.93698630137,37.174721189591075,508.0,Saturday
559,2022-04-03,15866,33755.28571428572,18658.964285714286,24063.70684931507,33.2094175960347,540.0,Sunday
560,2022-04-04,47193,33958.857142857145,19076.10714285714,24173.312328767122,86.86493184634449,107.0,Monday
561,2022-04-05,37989,33720.71428571428,20105.39285714286,24143.358904109587,74.4733581164808,207.0,Tuesday
562,2022-04-06,14892,31422.428571428572,20326.10714285714,23997.0,31.474597273853778,554.0,Wednesday
563,2022-04-07,35328,29557.714285714286,21294.0,23922.095890410958,69.51672862453532,247.0,Thursday
564,2022-04-08,18277,26837.285714285714,21941.428571428572,23870.76712328767,36.926889714993806,510.0,Friday
565,2022-04-09,7538,25297.571428571428,22194.964285714286,23874.75890410959,21.437422552664188,635.0,Saturday
566,2022-04-10,21223,26062.85714285714,22947.60714285714,23932.904109589042,43.246592317224284,459.0,Sunday
567,2022-04-11,38762,24858.428571428572,24330.964285714286,23994.94794520548,75.71251548946717,197.0,Monday
568,2022-04-12,54136,27165.14285714286,26246.5,24019.44109589041,92.68897149938043,60.0,Tuesday
569,2022-04-13,27949,29030.428571428572,27223.678571428572,23979.813698630136,57.249070631970255,346.0,Wednesday
570,2022-04-14,43159,30149.14285714286,28649.25,24020.430136986302,82.40396530359355,143.0,Thursday
571,2022-04-15,18929,30242.285714285714,29303.785714285714,23946.301369863013,38.66171003717472,496.0,Friday
572,2022-04-16,12806,30994.85714285714,29207.714285714286,23930.865753424656,28.74845105328377,576.0,Saturday
573,2022-04-17,6992,28961.85714285714,29323.785714285714,23907.791780821917,20.44609665427509,643.0,Sunday
574,2022-04-18,24739,26958.571428571428,29582.071428571428,23880.41095890411,49.566294919454776,408.0,Monday
575,2022-04-19,36764,24476.85714285714,29817.75,23880.008219178082,72.11895910780669,226.0,Tuesday
576,2022-04-20,42571,26565.714285714286,29170.0,23847.438356164384,81.66047087980174,149.0,Wednesday
577,2022-04-21,16420,22745.85714285714,29092.964285714286,23795.23287671233,34.20074349442379,532.0,Thursday
578,2022-04-22,30101,24341.85714285714,29521.5,23799.23287671233,60.966542750929364,316.0,Friday
579,2022-04-23,0,22512.428571428572,28295.821428571428,23764.372602739724,2.7261462205700124,786.0,Saturday
580,2022-04-24,9738,22904.714285714286,27921.178571428572,23690.271232876712,24.65923172242875,609.0,Sunday
581,2022-04-25,61200,28113.428571428572,28472.321428571428,23845.347945205478,96.90210656753408,26.0,Monday
582,2022-04-26,62596,31803.714285714286,29291.60714285714,23983.28493150685,97.52168525402726,21.0,Tuesday
583,2022-04-27,25653,29386.85714285714,29101.35714285714,24019.687671232878,51.548946716232955,392.0,Wednesday
584,2022-04-28,29728,31288.0,28435.178571428572,24060.216438356165,60.223048327137555,322.0,Thursday
585,2022-04-29,21314,30032.714285714286,27863.535714285714,24117.750684931507,43.37050805452293,458.0,Friday
586,2022-04-30,16751,32425.714285714286,27807.64285714286,24149.02191780822,34.572490706319705,529.0,Saturday
587,2022-05-01,7976,32174.0,27525.85714285714,24167.964383561644,22.057001239157373,630.0,Sunday
588,2022-05-02,39248,29038.0,27242.10714285714,24268.58904109589,76.70384138785626,189.0,Monday
589,2022-05-03,72910,30511.428571428572,28489.285714285714,24401.624657534245,99.38042131350682,6.0,Tuesday
590,2022-05-04,25501,30489.714285714286,28868.178571428572,24416.419178082193,51.17719950433705,395.0,Wednesday
591,2022-05-05,7581,27325.85714285714,27877.214285714286,24437.18904109589,21.685254027261465,633.0,Thursday
592,2022-05-06,0,24281.0,27224.464285714286,24377.227397260274,2.7261462205700124,786.0,Friday
593,2022-05-07,943,22022.714285714286,26988.928571428572,24321.301369863013,9.417596034696405,732.0,Saturday
594,2022-05-08,0,20883.285714285714,26230.964285714286,24294.353424657533,2.7261462205700124,786.0,Sunday
595,2022-05-09,19892,18118.14285714286,25557.035714285714,24339.520547945205,40.39653035935564,482.0,Monday
596,2022-05-10,26799,11530.857142857143,24580.714285714286,24297.734246575343,54.646840148698885,367.0,Tuesday
597,2022-05-11,16872,10298.142857142857,24185.10714285714,24274.821917808218,34.820322180916975,527.0,Wednesday
598,2022-05-12,17690,11742.285714285714,23275.5,24211.575342465752,36.18339529120198,516.0,Thursday
599,2022-05-13,46422,18374.0,24257.39285714286,24245.312328767122,85.99752168525403,114.0,Friday
600,2022-05-14,41497,24167.428571428572,25282.071428571428,24280.18904109589,79.67781908302355,165.0,Saturday
601,2022-05-15,7371,25220.428571428572,25295.60714285714,24300.383561643837,21.189591078066915,637.0,Sunday
602,2022-05-16,34980,27375.85714285714,25661.35714285714,24376.660273972604,68.89714993804213,252.0,Monday
603,2022-05-17,9313,24877.85714285714,24680.964285714286,24304.145205479454,23.915737298636927,615.0,Tuesday
604,2022-05-18,565,22548.285714285714,23180.75,24217.687671232878,8.302354399008674,741.0,Wednesday
605,2022-05-19,525,20096.14285714286,22613.071428571428,24122.775342465753,8.178438661710038,742.0,Thursday
606,2022-05-20,1525,13682.285714285714,21592.5,24042.85205479452,11.400247831474598,716.0,Friday
607,2022-05-21,4008,8326.714285714286,21735.64285714286,23996.61917808219,15.737298636926889,681.0,Saturday
608,2022-05-22,8555,8495.857142857143,21693.39285714286,23965.972602739726,22.800495662949196,624.0,Sunday
609,2022-05-23,20302,6399.0,20232.75,23966.320547945204,41.2639405204461,475.0,Monday
610,2022-05-24,26662,8877.42857142857,18949.39285714286,23938.44109589041,54.39900867410161,369.0,Tuesday
611,2022-05-25,26995,12653.142857142857,18997.321428571428,23885.290410958904,55.26641883519206,362.0,Wednesday
612,2022-05-26,62030,21439.571428571428,20150.964285714286,23948.786301369862,97.27385377942998,23.0,Thursday
613,2022-05-27,34996,26221.14285714286,20639.60714285714,23982.54520547945,69.02106567534076,251.0,Friday
614,2022-05-28,13718,27608.285714285714,20531.285714285714,23948.58630136986,30.111524163568777,565.0,Saturday
615,2022-05-29,9122,27689.285714285714,20572.214285714286,23923.468493150685,23.543990086741015,618.0,Sunday
616,2022-05-30,23474,28142.428571428572,20008.85714285714,23908.33698630137,46.84014869888476,430.0,Monday
617,2022-05-31,19791,27160.85714285714,18111.75,23949.317808219177,40.02478314745972,485.0,Tuesday
618,2022-06-01,12933,25152.0,17662.89285714286,23916.72602739726,29.36802973977695,571.0,Wednesday
619,2022-06-02,27148,20168.85714285714,18361.714285714286,23889.92602739726,56.00991325898389,356.0,Thursday
620,2022-06-03,23824,18572.85714285714,19212.571428571428,23844.12328767123,47.58364312267658,424.0,Friday
621,2022-06-04,6201,17499.0,19400.35714285714,23737.01095890411,19.33085501858736,652.0,Saturday
622,2022-06-05,15523,18413.428571428572,19954.75,23768.208219178083,32.58983890954151,545.0,Sunday
623,2022-06-06,14188,17086.85714285714,19751.035714285714,23804.109589041094,30.607187112763324,561.0,Monday
624,2022-06-07,41878,20242.14285714286,20289.571428571428,23891.28493150685,80.66914498141264,157.0,Tuesday
625,2022-06-08,9870,19804.571428571428,20039.5,23848.490410958904,25.03097893432466,606.0,Wednesday
626,2022-06-09,26164,19664.0,20342.14285714286,23891.761643835616,52.78810408921933,382.0,Thursday
627,2022-06-10,4554,16911.14285714286,18846.85714285714,23846.126027397262,16.232961586121437,677.0,Friday
628,2022-06-11,105,16040.285714285714,17368.571428571428,23820.84931506849,6.195786864931847,758.0,Saturday
629,2022-06-12,0,13822.714285714286,17105.321428571428,23814.517808219178,2.7261462205700124,786.0,Sunday
630,2022-06-13,5355,12560.857142857143,16047.285714285714,23823.487671232877,17.472118959107807,667.0,Monday
631,2022-06-14,1034,6726.0,15751.607142857143,23774.320547945204,9.789343246592317,729.0,Tuesday
632,2022-06-15,6318,6218.571428571428,15957.07142857143,23702.145205479454,19.516728624535315,650.5,Wednesday
633,2022-06-16,38757,8017.571428571428,17322.5,23700.65479452055,75.58859975216853,198.0,Thursday
634,2022-06-17,17988,9936.714285714286,17910.464285714286,23680.594520547944,36.55514250309789,513.0,Friday
635,2022-06-18,810,10037.42857142857,17796.25,23652.52602739726,9.045848822800496,735.0,Saturday
636,2022-06-19,0,10037.42857142857,17490.714285714286,23638.120547945204,2.7261462205700124,786.0,Sunday
637,2022-06-20,0,9272.42857142857,16765.64285714286,23613.1698630137,2.7261462205700124,786.0,Monday
638,2022-06-21,15278,11307.285714285714,16359.07142857143,23599.94794520548,32.218091697645605,548.0,Tuesday
639,2022-06-22,16831,12809.142857142857,15996.07142857143,23567.71506849315,34.696406443618336,528.0,Wednesday
640,2022-06-23,10726,8804.714285714286,14163.785714285714,23527.47397260274,26.270136307311027,596.0,Thursday
641,2022-06-24,3222,6695.285714285715,13029.0,23474.93698630137,14.622057001239158,690.0,Friday
642,2022-06-25,0,6579.571428571428,12539.07142857143,23369.76712328767,2.7261462205700124,786.0,Saturday
643,2022-06-26,0,6579.571428571428,12213.285714285714,23316.328767123287,2.7261462205700124,786.0,Sunday
644,2022-06-27,29526,10797.57142857143,12429.42857142857,23380.972602739726,59.727385377943,326.0,Monday
645,2022-06-28,26550,12407.857142857143,12670.82142857143,23373.89589041096,53.96530359355638,372.5,Tuesday
646,2022-06-29,31804,14546.857142857143,13344.785714285714,23373.531506849315,63.44485749690211,296.0,Wednesday
647,2022-06-30,26138,16748.571428571428,13308.714285714286,23376.25205479452,52.66418835192069,383.0,Thursday
648,2022-07-01,21543,19365.85714285714,13227.25,23310.043835616438,43.74225526641883,455.0,Friday
649,2022-07-02,0,19365.85714285714,13005.785714285714,23234.613698630135,2.7261462205700124,786.0,Saturday
650,2022-07-03,0,19365.85714285714,12451.392857142857,23181.791780821917,2.7261462205700124,786.0,Sunday
651,2022-07-04,5489,15932.0,12140.714285714286,23191.572602739725,17.59603469640644,666.0,Monday
652,2022-07-05,34136,17015.714285714286,11864.214285714286,23245.87123287671,67.16232961586121,266.0,Tuesday
653,2022-07-06,37760,17866.571428571428,12860.285714285714,23257.19178082192,74.34944237918215,208.0,Wednesday
654,2022-07-07,31444,18624.571428571428,13048.857142857143,23265.2,62.825278810408925,301.0,Thursday
655,2022-07-08,21181,18572.85714285714,13642.67857142857,23246.91780821918,42.874845105328376,462.0,Friday
656,2022-07-09,27697,22529.571428571428,14628.107142857143,23245.153424657536,56.62949194547707,351.0,Saturday
657,2022-07-10,13335,24434.571428571428,15104.357142857143,23242.12876712329,29.615861214374224,569.0,Sunday
658,2022-07-11,34388,28563.0,16141.25,23310.320547945204,67.65799256505576,262.0,Monday
659,2022-07-12,40769,29510.571428571428,17560.35714285714,23323.471232876713,78.31474597273854,176.0,Tuesday
660,2022-07-13,24224,27576.85714285714,18199.85714285714,23297.027397260274,48.57496902106567,416.0,Wednesday
661,2022-07-14,34589,28026.14285714286,18051.0,23347.38082191781,67.90582403965304,260.0,Thursday
662,2022-07-15,25084,28583.714285714286,18304.428571428572,23319.049315068492,50.18587360594795,403.0,Friday
663,2022-07-16,37725,30016.285714285714,19622.821428571428,23338.523287671233,74.22552664188352,209.0,Saturday
664,2022-07-17,0,28111.285714285714,19622.821428571428,23279.15890410959,2.7261462205700124,786.0,Sunday
665,2022-07-18,46828,29888.428571428572,21295.25,23327.98082191781,86.49318463444857,110.0,Monday
666,2022-07-19,38377,29546.714285714286,22120.214285714286,23313.060273972602,74.96902106567535,203.0,Tuesday
667,2022-07-20,31813,30630.85714285714,22655.285714285714,23358.931506849316,63.56877323420075,295.0,Wednesday
668,2022-07-21,38935,31251.714285714286,23662.75,23356.550684931506,76.45600991325898,191.0,Thursday
669,2022-07-22,27906,31654.85714285714,24544.321428571428,23312.11506849315,57.125154894671624,347.0,Friday
670,2022-07-23,26750,30087.0,25499.678571428572,23316.64383561644,54.522924411400254,368.0,Saturday
671,2022-07-24,4265,30696.285714285714,25652.0,23222.32328767123,15.985130111524162,679.0,Sunday
672,2022-07-25,26928,27853.428571428572,25559.214285714286,23227.4,55.14250309789344,363.0,Monday
673,2022-07-26,46490,29012.428571428572,26271.35714285714,23268.29315068493,86.2453531598513,112.0,Tuesday
674,2022-07-27,23997,27895.85714285714,25992.535714285714,23257.70684931507,48.07930607187112,420.0,Wednesday
675,2022-07-28,24078,25773.428571428572,25918.964285714286,23225.42191780822,48.3271375464684,418.0,Thursday
676,2022-07-29,32184,26384.571428571428,26299.0,23180.561643835616,64.86988847583643,284.5,Friday
677,2022-07-30,844,22683.714285714286,26329.14285714286,23097.342465753423,9.169764560099132,734.0,Saturday
678,2022-07-31,0,22074.428571428572,26329.14285714286,23040.9698630137,2.7261462205700124,786.0,Sunday
679,2022-08-01,24237,21690.0,26998.714285714286,23087.383561643837,48.698884758364315,415.0,Monday
680,2022-08-02,42692,21147.428571428572,27304.285714285714,23087.350684931505,81.78438661710037,148.0,Tuesday
681,2022-08-03,26326,21480.14285714286,26895.928571428572,23028.142465753426,53.53159851301115,376.0,Wednesday
682,2022-08-04,34408,22955.85714285714,27001.785714285714,23063.364383561642,67.7819083023544,261.0,Thursday
683,2022-08-05,47261,25109.714285714286,27933.214285714286,23104.671232876713,87.2366790582404,104.0,Friday
684,2022-08-06,2,24989.428571428572,26944.10714285714,22982.523287671233,5.5762081784386615,763.0,Saturday
685,2022-08-07,1330,25179.428571428572,26515.35714285714,22938.55890410959,11.152416356877323,718.0,Sunday
686,2022-08-08,16260,24039.85714285714,25867.928571428572,22965.797260273972,33.82899628252788,535.0,Monday
687,2022-08-09,26905,21784.571428571428,25372.785714285714,22972.580821917807,54.95662949194548,364.5,Tuesday
688,2022-08-10,24666,21547.428571428572,25388.571428571428,22942.43287671233,49.44237918215613,409.0,Wednesday
689,2022-08-11,24466,20127.14285714286,25027.035714285714,22942.690410958905,49.19454770755886,411.0,Thursday
690,2022-08-12,18769,16056.857142857143,24801.5,22875.06301369863,38.28996282527881,499.0,Friday
691,2022-08-13,1148,16220.57142857143,23495.178571428572,22777.780821917808,10.408921933085502,724.0,Saturday
692,2022-08-14,6841,17007.85714285714,23739.5,22749.178082191782,20.322180916976457,644.0,Sunday
693,2022-08-15,12865,16522.85714285714,22526.535714285714,22779.41095890411,28.99628252788104,574.0,Monday
694,2022-08-16,18104,15265.57142857143,21802.5,22714.92602739726,36.80297397769517,511.0,Tuesday
695,2022-08-17,6469,12666.0,20897.35714285714,22667.11232876712,19.82651796778191,648.0,Wednesday
696,2022-08-18,31929,13732.142857142857,20647.14285714286,22723.67671232877,63.81660470879802,293.0,Thursday
697,2022-08-19,32939,15756.42857142857,20826.89285714286,22727.539726027397,65.79925650557621,277.0,Friday
698,2022-08-20,9252,16914.14285714286,20201.964285714286,22653.397260273974,23.79182156133829,616.0,Saturday
699,2022-08-21,71,15947.0,20052.178571428572,22643.087671232875,5.947955390334572,760.0,Sunday
700,2022-08-22,63149,23130.428571428572,21345.785714285714,22784.88767123288,97.89343246592317,18.0,Monday
701,2022-08-23,30566,24910.714285714286,20777.071428571428,22796.720547945206,61.21437422552665,314.0,Tuesday
702,2022-08-24,22879,27255.0,20737.14285714286,22773.542465753424,45.84882280049566,438.0,Wednesday
703,2022-08-25,44555,29058.714285714286,21468.464285714286,22840.479452054795,83.64312267657994,133.0,Thursday
704,2022-08-26,48859,31333.0,22064.0,22940.26301369863,88.72366790582404,92.0,Friday
705,2022-08-27,8676,31250.714285714286,22343.714285714286,22963.80821917808,23.04832713754647,622.0,Saturday
706,2022-08-28,0,31240.571428571428,22343.714285714286,22963.80821917808,2.7261462205700124,786.0,Sunday
707,2022-08-29,22868,25486.14285714286,22294.821428571428,23023.879452054796,45.72490706319702,439.0,Monday
708,2022-08-30,32002,25691.285714285714,21913.035714285714,23029.358904109587,64.06443618339529,291.0,Tuesday
709,2022-08-31,11142,24014.571428571428,21370.75,22955.12328767123,26.64188351920694,593.0,Wednesday
710,2022-09-01,23291,20976.85714285714,20973.714285714286,22964.964383561644,46.220570012391576,435.0,Thursday
711,2022-09-02,1457,14205.142857142857,19337.85714285714,22922.720547945206,11.27633209417596,717.0,Friday
712,2022-09-03,0,12965.714285714286,19337.785714285714,22903.419178082193,2.7261462205700124,786.0,Saturday
713,2022-09-04,0,12965.714285714286,19290.285714285714,22886.435616438357,2.7261462205700124,786.0,Sunday
714,2022-09-05,1312,9886.285714285714,18756.428571428572,22873.175342465755,11.028500619578686,719.0,Monday
715,2022-09-06,0,5314.571428571428,17795.535714285714,22815.66301369863,2.7261462205700124,786.0,Tuesday
716,2022-09-07,16172,6033.142857142857,17492.178571428572,22743.772602739726,33.581164807930605,537.0,Wednesday
717,2022-09-08,23406,6049.571428571428,17454.321428571428,22674.476712328767,46.71623296158612,431.0,Thursday
718,2022-09-09,10588,7354.0,17162.14285714286,22643.0,25.89838909541512,599.0,Friday
719,2022-09-10,1727,7600.714285714285,17182.821428571428,22577.750684931507,11.895910780669144,712.0,Saturday
720,2022-09-11,155,7622.857142857143,16944.035714285714,22475.227397260274,6.691449814126393,754.0,Sunday
721,2022-09-12,6809,8408.142857142857,16727.75,22457.13698630137,20.19826517967782,645.0,Monday
722,2022-09-13,16427,10754.857142857143,16667.85714285714,22389.8602739726,34.32465923172243,531.0,Tuesday
723,2022-09-14,27546,12379.714285714286,17420.60714285714,22325.972602739726,56.50557620817844,352.0,Wednesday
724,2022-09-15,19789,11863.0,16987.035714285714,22255.772602739726,39.90086741016109,486.0,Thursday
725,2022-09-16,12358,12115.857142857143,16252.0,22148.317808219177,27.881040892193308,583.0,Friday
726,2022-09-17,1792,12125.142857142857,15985.57142857143,22095.580821917807,12.01982651796778,711.0,Saturday
727,2022-09-18,0,12103.0,15983.035714285714,22072.509589041096,2.7261462205700124,786.0,Sunday
728,2022-09-19,26197,14872.714285714286,14663.32142857143,22120.534246575342,52.91201982651796,381.0,Monday
729,2022-09-20,6146,13404.0,13791.17857142857,22032.942465753425,18.95910780669145,655.0,Tuesday
730,2022-09-21,3589,9981.57142857143,13102.25,21948.901369863015,14.993804213135068,687.0,Wednesday
731,2022-09-22,957,7291.285714285715,11545.17857142857,21784.893150684933,9.541511771995044,731.0,Thursday
732,2022-09-23,12256,7276.714285714285,10237.92857142857,21637.904109589042,27.757125154894673,584.0,Friday
733,2022-09-24,10698,8549.0,10310.142857142857,21628.134246575344,26.14622057001239,597.0,Saturday
734,2022-09-25,23495,11905.42857142857,11149.25,21674.764383561644,46.96406443618339,429.0,Sunday
735,2022-09-26,20895,11148.0,11078.785714285714,21719.693150684932,42.13135068153655,468.0,Monday
736,2022-09-27,33433,15046.142857142857,11129.892857142857,21631.93698630137,66.04708798017349,275.0,Tuesday
737,2022-09-28,29908,18806.0,11800.107142857143,21618.2301369863,60.470879801734824,320.0,Wednesday
738,2022-09-29,163,18692.571428571428,10974.107142857143,21466.698630136987,6.815365551425032,753.0,Thursday
739,2022-09-30,0,16941.714285714286,10922.07142857143,21341.41095890411,2.7261462205700124,786.0,Friday
740,2022-10-01,0,15413.42857142857,10922.07142857143,21219.468493150685,2.7261462205700124,786.0,Saturday
741,2022-10-02,10006,13486.42857142857,11279.42857142857,21198.106849315067,25.27881040892193,604.0,Sunday
742,2022-10-03,30750,14894.285714285714,12330.785714285714,21237.657534246577,61.71003717472119,310.0,Monday
743,2022-10-04,34729,15079.42857142857,13571.107142857143,21197.298630136986,68.40148698884758,256.0,Tuesday
744,2022-10-05,32252,15414.285714285714,14145.392857142857,21122.616438356163,65.17967781908303,282.0,Wednesday
745,2022-10-06,11684,17060.14285714286,13726.75,21056.06301369863,27.261462205700127,588.0,Thursday
746,2022-10-07,35830,22178.714285714286,14628.25,21042.265753424657,70.50805452292441,239.0,Friday
747,2022-10-08,2624,22553.571428571428,14660.285714285714,21012.457534246576,13.754646840148698,697.0,Saturday
748,2022-10-09,7557,22203.714285714286,14924.642857142857,20962.389041095892,21.561338289962826,634.0,Sunday
749,2022-10-10,27196,21696.0,15652.75,20928.065753424657,56.13382899628253,355.0,Monday
750,2022-10-11,38852,22285.0,16453.64285714286,20877.30410958904,76.2081784386617,193.0,Tuesday
751,2022-10-12,25889,21376.0,16394.464285714286,20765.994520547945,51.92069392812887,389.0,Wednesday
752,2022-10-13,57914,27980.285714285714,17756.071428571428,20765.580821917807,95.04337050805452,41.0,Thursday
753,2022-10-14,10001,24290.428571428572,17671.89285714286,20612.33698630137,25.154894671623296,605.0,Friday
754,2022-10-15,1544,24136.14285714286,17663.035714285714,20532.312328767122,11.524163568773234,715.0,Saturday
755,2022-10-16,0,23056.571428571428,17663.035714285714,20531.13698630137,2.7261462205700124,786.0,Sunday
756,2022-10-17,12127,20903.85714285714,17160.535714285714,20563.54520547945,27.509293680297397,586.0,Monday
757,2022-10-18,31145,19802.85714285714,18053.35714285714,20525.668493150686,62.20570012391574,306.0,Tuesday
758,2022-10-19,27083,19973.428571428572,18892.428571428572,20456.791780821917,55.51425030978935,360.0,Wednesday
759,2022-10-20,21121,14717.285714285714,19612.571428571428,20449.331506849314,42.75092936802974,463.0,Thursday
760,2022-10-21,34606,18232.285714285714,20410.785714285714,20431.328767123287,68.02973977695167,259.0,Friday
761,2022-10-22,16922,20429.14285714286,20633.071428571428,20413.67397260274,35.31598513011153,523.0,Saturday
762,2022-10-23,12601,22229.285714285714,20244.0,20422.24383561644,28.500619578686493,578.0,Sunday
763,2022-10-24,31296,24967.714285714286,20615.464285714286,20507.986301369863,62.577447335811655,303.0,Monday
764,2022-10-25,36769,25771.14285714286,20734.60714285714,20458.153424657536,72.24287484510533,225.0,Tuesday
765,2022-10-26,26905,25745.714285714286,20627.35714285714,20359.476712328767,54.95662949194548,364.5,Wednesday
766,2022-10-27,43233,28904.571428571428,22165.571428571428,20348.60821917808,82.5278810408922,142.0,Thursday
767,2022-10-28,28086,27973.14285714286,23168.64285714286,20288.953424657535,57.49690210656754,344.0,Friday
768,2022-10-29,20939,28547.0,23916.464285714286,20342.06301369863,42.25526641883519,467.0,Saturday
769,2022-10-30,4952,27454.285714285714,23735.964285714286,20327.57808219178,16.728624535315987,673.0,Sunday
770,2022-10-31,31468,27478.85714285714,23761.60714285714,20394.610958904108,62.949194547707556,300.0,Monday
771,2022-11-01,38035,27659.714285714286,23879.678571428572,20488.49315068493,74.59727385377943,206.0,Tuesday
772,2022-11-02,24665,27339.714285714286,23608.714285714286,20556.068493150684,49.3184634448575,410.0,Wednesday
773,2022-11-03,41168,27044.714285714286,24661.714285714286,20561.1698630137,79.05824039653035,170.0,Thursday
774,2022-11-04,32066,27613.285714285714,24527.285714285714,20541.627397260276,64.43618339529121,288.0,Friday
775,2022-11-05,14284,26662.571428571428,24943.714285714286,20507.75890410959,30.855018587360593,559.0,Saturday
776,2022-11-06,5620,26758.0,24874.535714285714,20443.2301369863,17.71995043370508,665.0,Sunday
777,2022-11-07,35930,27395.428571428572,25186.464285714286,20535.59726027397,70.87980173482032,236.0,Monday
778,2022-11-08,36791,27217.714285714286,25112.85714285714,20486.873972602738,72.4907063197026,223.0,Tuesday
779,2022-11-09,53965,31403.428571428572,26115.571428571428,20432.564383561643,92.56505576208178,61.0,Wednesday
780,2022-11-10,41626,31468.85714285714,25533.85714285714,20443.98904109589,79.92565055762083,163.0,Thursday
781,2022-11-11,2417,27233.285714285714,25263.0,20378.55890410959,13.135068153655514,702.0,Friday
782,2022-11-12,0,25192.714285714286,25207.85714285714,20279.197260273973,2.7261462205700124,786.0,Saturday
783,2022-11-13,23870,27799.85714285714,26060.35714285714,20248.641095890413,47.83147459727385,422.0,Sunday
784,2022-11-14,36842,27930.14285714286,26943.035714285714,20346.224657534247,72.86245353159852,220.0,Monday
785,2022-11-15,13763,24640.428571428572,26322.25,20329.591780821916,30.235439900867412,564.0,Tuesday
786,2022-11-16,31471,21427.0,26478.964285714286,20271.87671232877,63.073110285006194,299.0,Wednesday
787,2022-11-17,26435,19256.85714285714,26668.75,20229.22191780822,53.655514250309785,375.0,Thursday
788,2022-11-18,25977,22622.571428571428,26360.571428571428,20219.043835616438,52.04460966542751,388.0,Friday
789,2022-11-19,13298,24522.285714285714,26231.14285714286,20166.45479452055,29.49194547707559,570.0,Saturday
790,2022-11-20,11312,22728.285714285714,26185.10714285714,20190.35616438356,26.889714993804215,591.0,Sunday
791,2022-11-21,15662,19702.571428571428,25626.75,20233.265753424657,32.96158612143743,542.0,Monday
792,2022-11-22,38472,23232.428571428572,25687.571428571428,20200.972602739726,75.21685254027261,201.0,Tuesday
793,2022-11-23,15598,20964.85714285714,25283.75,20131.378082191783,32.83767038413878,543.0,Wednesday
794,2022-11-24,51,17195.714285714286,23741.535714285714,20131.517808219178,5.8240396530359355,761.0,Thursday
795,2022-11-25,7401,14542.0,23002.785714285714,20151.794520547945,21.313506815365553,636.0,Friday
796,2022-11-26,49127,19660.428571428572,24009.5,20279.956164383562,89.46716232961586,86.0,Saturday
797,2022-11-27,20413,20960.571428571428,24561.678571428572,20328.71780821918,41.38785625774473,474.0,Sunday
798,2022-11-28,34935,23713.85714285714,24685.5,20311.594520547944,68.77323420074349,253.0,Monday
799,2022-11-29,20613,21162.571428571428,24063.285714285714,20261.772602739726,41.759603469640645,471.0,Tuesday
800,2022-11-30,44702,25320.285714285714,24778.89285714286,20283.361643835615,84.01486988847584,130.0,Wednesday
801,2022-12-01,34026,30173.85714285714,24523.821428571428,20294.517808219178,66.91449814126395,268.0,Thursday
802,2022-12-02,28416,33176.0,24393.464285714286,20240.350684931505,58.24039653035935,338.0,Friday
803,2022-12-03,2852,26565.285714285714,23985.178571428572,20208.687671232878,14.250309789343246,693.0,Saturday
804,2022-12-04,22045,26798.428571428572,24571.785714285714,20260.328767123287,44.237918215613384,451.0,Sunday
805,2022-12-05,90447,34728.71428571428,26518.821428571428,20476.994520547945,100.0,1.0,Monday
806,2022-12-06,2642,32161.428571428572,25299.214285714286,20324.635616438358,13.878562577447337,696.0,Tuesday
