,Date,Keypresses,7_day_ma,28_day_ma,365_day_ma,percentile,rank,Weekday
0,2020-09-21,19081,,,,40.300000000000004,598.0,Monday
1,2020-09-22,32771,,,,67.5,326.0,Tuesday
2,2020-09-23,32065,,,,65.9,342.0,Wednesday
3,2020-09-24,34698,,,,70.55,295.5,Thursday
4,2020-09-25,47038,,,,88.5,116.0,Friday
5,2020-09-26,33592,,,,68.10000000000001,320.0,Saturday
6,2020-09-27,22795,31720.0,,,47.099999999999994,530.0,Sunday
7,2020-09-28,36153,34158.857142857145,,,73.4,267.0,Monday
8,2020-09-29,47589,36275.71428571428,,,89.1,110.0,Tuesday
9,2020-09-30,41136,37571.57142857143,,,81.10000000000001,190.0,Wednesday
10,2020-10-01,64873,41882.28571428572,,,98.4,17.0,Thursday
11,2020-10-02,23081,38459.857142857145,,,47.4,527.0,Friday
12,2020-10-03,53457,41297.71428571428,,,93.60000000000001,65.0,Saturday
13,2020-10-04,26070,41765.57142857143,,,53.6,465.0,Sunday
14,2020-10-05,46862,43295.42857142857,,,88.4,117.0,Monday
15,2020-10-06,43125,42657.71428571428,,,84.0,161.0,Tuesday
16,2020-10-07,47218,43526.57142857143,,,88.8,113.0,Wednesday
17,2020-10-08,60890,42957.57142857143,,,97.2,29.0,Thursday
18,2020-10-09,51033,46950.71428571428,,,92.2,79.0,Friday
19,2020-10-10,20985,42311.857142857145,,,43.9,562.0,Saturday
20,2020-10-11,10693,40115.142857142855,,,26.900000000000002,732.0,Sunday
21,2020-10-12,27004,37278.28571428572,,,56.599999999999994,435.0,Monday
22,2020-10-13,33719,35934.57142857143,,,68.30000000000001,318.0,Tuesday
23,2020-10-14,48366,36098.57142857143,,,89.7,104.0,Wednesday
24,2020-10-15,18913,30101.85714285714,,,39.800000000000004,603.0,Thursday
25,2020-10-16,18460,25448.571428571428,,,38.6,615.0,Friday
26,2020-10-17,27109,26323.428571428572,,,56.8,433.0,Saturday
27,2020-10-18,41875,30778.0,36094.67857142857,,82.6,175.0,Sunday
28,2020-10-19,48157,33799.857142857145,37133.107142857145,,89.4,107.0,Monday
29,2020-10-20,41288,34881.142857142855,37437.28571428572,,81.6,185.0,Tuesday
30,2020-10-21,41708,33930.0,37781.67857142857,,82.3,178.0,Wednesday
31,2020-10-22,38834,36775.857142857145,37929.392857142855,,78.10000000000001,220.0,Thursday
32,2020-10-23,48908,41125.57142857143,37996.17857142857,,90.35,97.5,Friday
33,2020-10-24,15255,39432.142857142855,37341.28571428572,,33.0,671.0,Saturday
34,2020-10-25,1187,33619.57142857143,36569.57142857143,,11.3,888.0,Sunday
35,2020-10-26,39858,32434.0,36701.892857142855,,79.9,202.0,Monday
36,2020-10-27,53216,34138.0,36902.857142857145,,93.30000000000001,68.0,Tuesday
37,2020-10-28,53348,35800.857142857145,37339.0,,93.5,66.0,Wednesday
38,2020-10-29,51793,37652.142857142855,36871.857142857145,,92.7,74.0,Thursday
39,2020-10-30,43136,36827.57142857143,37588.107142857145,,84.1,160.0,Friday
40,2020-10-31,0,34648.28571428572,35678.92857142857,,2.85,972.5,Saturday
41,2020-11-01,5889,35320.0,34958.17857142857,,19.2,809.0,Sunday
42,2020-11-02,24101,33069.0,34145.28571428572,,49.7,504.0,Monday
43,2020-11-03,19573,28262.85714285714,33304.142857142855,,40.8,593.0,Tuesday
44,2020-11-04,57390,28840.285714285714,33667.42857142857,,95.8,43.0,Wednesday
45,2020-11-05,56325,29487.714285714286,33504.392857142855,,95.0,51.0,Thursday
46,2020-11-06,50099,30482.428571428572,33471.03571428572,,91.4,87.0,Friday
47,2020-11-07,20703,33440.0,33460.96428571428,,43.4,567.0,Saturday
48,2020-11-08,22499,35812.857142857145,33882.607142857145,,46.5,536.0,Sunday
49,2020-11-09,41240,38261.28571428572,34391.03571428572,,81.5,186.0,Monday
50,2020-11-10,26278,39219.142857142855,34125.28571428572,,54.400000000000006,457.0,Tuesday
51,2020-11-11,47443,37798.142857142855,34092.32142857143,,89.0,111.0,Wednesday
52,2020-11-12,53245,37358.142857142855,35318.46428571428,,93.4,67.0,Thursday
53,2020-11-13,31256,34666.28571428572,35775.46428571428,,64.1,360.0,Friday
54,2020-11-14,28265,35746.57142857143,35816.75,,58.9,412.0,Saturday
55,2020-11-15,26550,36325.28571428572,35269.42857142857,,55.15,449.5,Sunday
56,2020-11-16,52883,37988.57142857143,35438.21428571428,,93.10000000000001,70.0,Monday
57,2020-11-17,60147,42827.0,36111.75,,96.8,33.0,Tuesday
58,2020-11-18,56454,44114.28571428572,36638.392857142855,,95.19999999999999,49.0,Wednesday
59,2020-11-19,75444,47285.57142857143,37945.892857142855,,99.7,4.0,Thursday
60,2020-11-20,28035,46825.42857142857,37200.42857142857,,58.5,416.0,Friday
61,2020-11-21,18610,45446.142857142855,37320.25,,39.0,611.0,Saturday
62,2020-11-22,37640,47030.42857142857,38622.142857142855,,76.1,240.0,Sunday
63,2020-11-23,76313,50377.57142857143,39924.107142857145,,99.8,3.0,Monday
64,2020-11-24,7596,42870.28571428572,38294.82142857143,,23.0,771.0,Tuesday
65,2020-11-25,6062,35671.42857142857,36606.03571428572,,19.6,805.0,Wednesday
66,2020-11-26,235,24927.285714285714,34764.67857142857,,7.5,926.0,Thursday
67,2020-11-27,29750,25172.285714285714,34286.607142857145,,61.9,382.0,Friday
68,2020-11-28,121,22531.0,34290.92857142857,,6.9,932.0,Saturday
69,2020-11-29,33935,22001.714285714286,35292.57142857143,,68.7,314.0,Sunday
70,2020-11-30,67533,20747.428571428572,36843.71428571428,,99.1,10.0,Monday
71,2020-12-01,21187,22689.0,36901.357142857145,,44.5,556.0,Tuesday
72,2020-12-02,43634,28056.428571428572,36410.07142857143,,84.8,153.0,Wednesday
73,2020-12-03,61437,36799.57142857143,36592.642857142855,,97.5,26.0,Thursday
74,2020-12-04,27145,36427.42857142857,35772.857142857145,,56.99999999999999,431.0,Friday
75,2020-12-05,35840,41530.142857142855,36313.46428571428,,72.8,273.0,Saturday
76,2020-12-06,2775,37078.71428571428,35609.03571428572,,15.1,850.0,Sunday
77,2020-12-07,45303,33903.0,35754.142857142855,,86.6,135.0,Monday
78,2020-12-08,16328,33208.857142857145,35398.78571428572,,34.8,653.0,Tuesday
79,2020-12-09,55437,34895.0,35684.28571428572,,94.8,53.0,Wednesday
80,2020-12-10,42108,32133.714285714286,35286.53571428572,,83.2,169.0,Thursday
81,2020-12-11,55206,36142.42857142857,36141.892857142855,,94.69999999999999,54.0,Friday
82,2020-12-12,38833,36570.0,36519.32142857143,,78.0,221.0,Saturday
83,2020-12-13,22636,39407.28571428572,36379.53571428572,,46.800000000000004,533.0,Sunday
84,2020-12-14,36760,38186.857142857145,35803.71428571428,,74.2,259.0,Monday
85,2020-12-15,61969,44707.0,35868.78571428572,,97.6,25.0,Tuesday
86,2020-12-16,46458,43424.28571428572,35511.78571428572,,88.0,121.0,Wednesday
87,2020-12-17,40009,43124.42857142857,34246.25,,80.0,201.0,Thursday
88,2020-12-18,45377,41720.28571428572,34865.607142857145,,86.7,134.0,Friday
89,2020-12-19,14964,38310.42857142857,34735.392857142855,,32.7,674.0,Saturday
90,2020-12-20,32546,39726.142857142855,34553.46428571428,,67.30000000000001,328.0,Sunday
91,2020-12-21,23679,37857.42857142857,32673.678571428572,,48.6,515.0,Monday
92,2020-12-22,17360,31484.714285714286,33022.392857142855,,36.7,634.0,Tuesday
93,2020-12-23,724,24951.285714285714,32831.75,,9.6,905.0,Wednesday
94,2020-12-24,5086,19962.285714285714,33005.0,,18.099999999999998,820.0,Thursday
95,2020-12-25,3673,14004.57142857143,32073.678571428572,,16.3,838.0,Friday
96,2020-12-26,1059,12018.142857142857,32107.178571428572,,10.8,893.0,Saturday
97,2020-12-27,2688,7752.714285714285,30991.214285714286,,15.0,851.0,Sunday
98,2020-12-28,12929,6217.0,29041.071428571428,,29.9,702.0,Monday
99,2020-12-29,8479,4948.285714285715,28587.214285714286,,23.799999999999997,763.0,Tuesday
100,2020-12-30,2134,5149.714285714285,27105.071428571428,,13.700000000000001,864.0,Wednesday
101,2020-12-31,0,4423.142857142857,24910.89285714286,,2.85,972.5,Thursday
102,2021-01-01,2574,4266.142857142857,24033.35714285714,,14.6,855.0,Friday
103,2021-01-02,4974,4825.428571428572,22931.0,,17.9,822.0,Saturday
104,2021-01-03,22146,7605.142857142857,23622.821428571428,,46.1,540.0,Sunday
105,2021-01-04,14043,7764.285714285715,22506.39285714286,,31.4,687.0,Monday
106,2021-01-05,26258,10304.142857142857,22861.035714285714,,54.300000000000004,458.0,Tuesday
107,2021-01-06,18377,12624.57142857143,21537.464285714286,,38.4,617.0,Wednesday
108,2021-01-07,40541,18416.14285714286,21481.5,,80.10000000000001,200.0,Thursday
109,2021-01-08,50284,25231.85714285714,21305.714285714286,,91.7,84.0,Friday
110,2021-01-09,30575,28889.14285714286,21010.785714285714,,63.0,371.0,Saturday
111,2021-01-10,25228,29329.428571428572,21103.35714285714,,51.800000000000004,483.0,Sunday
112,2021-01-11,51070,34619.0,21614.428571428572,,92.30000000000001,78.0,Monday
113,2021-01-12,32040,35445.0,20545.535714285714,,65.8,343.0,Tuesday
114,2021-01-13,303,32863.0,18897.14285714286,,7.7,924.0,Wednesday
115,2021-01-14,44938,33491.142857142855,19073.178571428572,,86.1,140.0,Thursday
116,2021-01-15,25531,29955.0,18364.39285714286,,52.400000000000006,477.0,Friday
117,2021-01-16,19800,28415.714285714286,18537.10714285714,,41.4,587.0,Saturday
118,2021-01-17,18696,27482.571428571428,18042.464285714286,,39.300000000000004,608.0,Sunday
119,2021-01-18,18641,22849.85714285714,17862.535714285714,,39.1,610.0,Monday
120,2021-01-19,29922,22547.285714285714,18311.178571428572,,62.1,380.0,Tuesday
121,2021-01-20,51446,29853.428571428572,20122.678571428572,,92.4,77.0,Wednesday
122,2021-01-21,30810,27835.14285714286,21041.39285714286,,63.5,366.0,Thursday
123,2021-01-22,58872,32598.14285714286,23012.785714285714,,96.39999999999999,37.0,Friday
124,2021-01-23,34698,34726.42857142857,24214.178571428572,,70.55,295.5,Saturday
125,2021-01-24,33805,36884.857142857145,25325.5,,68.4,317.0,Sunday
126,2021-01-25,64903,43493.71428571428,27181.714285714286,,98.5,16.0,Monday
127,2021-01-26,24062,42656.57142857143,27738.25,,49.5,506.0,Tuesday
128,2021-01-27,49039,42312.71428571428,29413.428571428572,,90.7,94.0,Wednesday
129,2021-01-28,46251,44518.57142857143,31065.25,,87.6,125.0,Thursday
130,2021-01-29,39842,41800.0,32396.25,,79.80000000000001,203.0,Friday
131,2021-01-30,43334,43033.71428571428,33766.25,,84.39999999999999,157.0,Saturday
132,2021-01-31,27113,42077.71428571428,33943.642857142855,,56.89999999999999,432.0,Sunday
133,2021-02-01,58958,41228.42857142857,35547.75,,96.5,36.0,Monday
134,2021-02-02,17985,40360.28571428572,35252.28571428572,,37.5,626.0,Tuesday
135,2021-02-03,50101,40512.0,36385.28571428572,,91.5,86.0,Wednesday
136,2021-02-04,42024,39908.142857142855,36438.25,,83.0,171.0,Thursday
137,2021-02-05,11856,35910.142857142855,35065.82142857143,,28.199999999999996,719.0,Friday
138,2021-02-06,3134,30167.285714285714,34085.78571428572,,15.4,847.0,Saturday
139,2021-02-07,15551,28515.571428571428,33740.17857142857,,33.5,666.0,Sunday
140,2021-02-08,70591,30177.428571428572,34437.357142857145,,99.4,7.0,Monday
141,2021-02-09,47842,34442.71428571428,35001.71428571428,,89.2,109.0,Tuesday
142,2021-02-10,50048,34435.142857142855,36778.32142857143,,91.3,88.0,Wednesday
143,2021-02-11,54595,36231.0,37123.21428571428,,94.19999999999999,59.0,Thursday
144,2021-02-12,44561,40903.142857142855,37802.857142857145,,85.7,144.0,Friday
145,2021-02-13,22680,43695.42857142857,37905.71428571428,,47.0,531.0,Saturday
146,2021-02-14,35566,46554.71428571428,38508.21428571428,,72.2,279.0,Sunday
147,2021-02-15,67930,46174.57142857143,40268.53571428572,,99.2,9.0,Monday
148,2021-02-16,28789,43452.71428571428,40228.07142857143,,60.0,401.0,Tuesday
149,2021-02-17,67505,45946.57142857143,40801.607142857145,,99.0,11.0,Wednesday
150,2021-02-18,48996,45146.71428571428,41451.107142857145,,90.60000000000001,95.0,Thursday
151,2021-02-19,62473,47705.57142857143,41579.71428571428,,97.8,23.0,Friday
152,2021-02-20,21341,47514.28571428572,41102.67857142857,,44.9,552.0,Saturday
153,2021-02-21,29024,46579.71428571428,40931.92857142857,,60.5,396.0,Sunday
154,2021-02-22,77753,47983.0,41390.857142857145,,99.9,2.0,Monday
155,2021-02-23,22564,47093.71428571428,41337.357142857145,,46.7,534.0,Tuesday
156,2021-02-24,49853,44572.0,41366.42857142857,,91.10000000000001,90.0,Wednesday
157,2021-02-25,35177,42597.857142857145,40970.92857142857,,71.7,284.0,Thursday
158,2021-02-26,37546,39036.857142857145,40888.92857142857,,75.8,243.0,Friday
159,2021-02-27,1131,36149.71428571428,39381.67857142857,,11.1,890.0,Saturday
160,2021-02-28,12830,33836.28571428572,38871.57142857143,,29.599999999999998,705.0,Sunday
161,2021-03-01,25802,26414.714285714286,37687.42857142857,,52.7,474.0,Monday
162,2021-03-02,46729,29866.85714285714,38714.0,,88.2,119.0,Tuesday
163,2021-03-03,5632,23549.571428571428,37125.82142857143,,18.8,813.0,Wednesday
164,2021-03-04,10799,20067.0,36010.642857142855,,27.200000000000003,729.0,Thursday
165,2021-03-05,20227,17592.85714285714,36309.607142857145,,42.4,577.0,Friday
166,2021-03-06,4928,18135.285714285714,36373.67857142857,,17.7,824.0,Saturday
167,2021-03-07,13454,18224.428571428572,36298.78571428572,,30.7,694.0,Sunday
168,2021-03-08,45078,20978.14285714286,35387.607142857145,,86.3,138.0,Monday
169,2021-03-09,56342,22351.428571428572,35691.17857142857,,95.1,50.0,Tuesday
170,2021-03-10,54809,29376.714285714286,35861.21428571428,,94.5,56.0,Wednesday
171,2021-03-11,54604,35634.57142857143,35861.53571428572,,94.3,58.0,Thursday
172,2021-03-12,32982,37456.71428571428,35448.0,,67.7,324.0,Friday
173,2021-03-13,12911,38597.142857142855,35099.107142857145,,29.799999999999997,703.0,Saturday
174,2021-03-14,24992,40245.42857142857,34721.46428571428,,51.2,489.0,Sunday
175,2021-03-15,52934,41367.71428571428,34185.892857142855,,93.2,69.0,Monday
176,2021-03-16,54745,41139.57142857143,35112.892857142855,,94.39999999999999,57.0,Tuesday
177,2021-03-17,50370,40505.42857142857,34500.92857142857,,91.9,82.0,Wednesday
178,2021-03-18,27299,36604.71428571428,33726.03571428572,,57.3,428.0,Thursday
179,2021-03-19,36243,37070.57142857143,32789.25,,73.6,265.0,Friday
180,2021-03-20,14008,37227.28571428572,32527.35714285714,,31.3,688.0,Saturday
181,2021-03-21,23336,36990.71428571428,32324.214285714286,,47.699999999999996,524.0,Sunday
182,2021-03-22,56792,37541.857142857145,31575.60714285714,,95.3,48.0,Monday
183,2021-03-23,48908,36708.0,32516.464285714286,,90.35,97.5,Tuesday
184,2021-03-24,58764,37907.142857142855,32834.71428571428,,96.3,38.0,Wednesday
185,2021-03-25,60758,42687.0,33748.32142857143,,97.0,31.0,Thursday
186,2021-03-26,14660,39603.71428571428,32930.96428571428,,32.300000000000004,678.0,Friday
187,2021-03-27,23153,40910.142857142855,33717.46428571428,,47.5,526.0,Saturday
188,2021-03-28,51603,44948.28571428572,35102.21428571428,,92.60000000000001,75.0,Sunday
189,2021-03-29,43342,43026.857142857145,35728.642857142855,,84.5,156.0,Monday
190,2021-03-30,59733,44573.28571428572,36193.07142857143,,96.7,34.0,Tuesday
191,2021-03-31,56913,44308.857142857145,38024.53571428572,,95.5,46.0,Wednesday
192,2021-04-01,35601,40715.0,38910.32142857143,,72.3,278.0,Thursday
193,2021-04-02,29135,42782.857142857145,39228.46428571428,,60.8,393.0,Friday
194,2021-04-03,37120,44778.142857142855,40378.17857142857,,75.4,247.0,Saturday
195,2021-04-04,7187,38433.0,40154.357142857145,,22.1,780.0,Sunday
196,2021-04-05,48922,39230.142857142855,40291.642857142855,,90.5,96.0,Monday
197,2021-04-06,68313,40455.857142857145,40719.17857142857,,99.3,8.0,Tuesday
198,2021-04-07,62668,41278.0,40999.857142857145,,98.0,21.0,Wednesday
199,2021-04-08,37012,41479.57142857143,40371.57142857143,,75.3,248.0,Thursday
200,2021-04-09,6081,38186.142857142855,39410.82142857143,,19.7,804.0,Friday
201,2021-04-10,0,32883.28571428572,38949.71428571428,,2.85,972.5,Saturday
202,2021-04-11,16116,34158.857142857145,38632.71428571428,,34.2,659.0,Sunday
203,2021-04-12,45196,33626.57142857143,38356.357142857145,,86.4,137.0,Monday
204,2021-04-13,42413,29926.571428571428,37915.92857142857,,83.5,166.0,Tuesday
205,2021-04-14,28334,25021.714285714286,37128.92857142857,,59.099999999999994,410.0,Wednesday
206,2021-04-15,45986,26303.714285714286,37796.32142857143,,87.5,126.0,Thursday
207,2021-04-16,18440,28069.285714285714,37160.5,,38.5,616.0,Friday
208,2021-04-17,15414,30271.285714285714,37210.71428571428,,33.2,669.0,Saturday
209,2021-04-18,34733,32930.857142857145,37617.75,,70.8,293.0,Sunday
210,2021-04-19,36911,31747.285714285714,36907.71428571428,,75.1,250.0,Monday
211,2021-04-20,54459,33468.142857142855,37105.96428571428,,94.0,61.0,Tuesday
212,2021-04-21,35475,34488.28571428572,36274.21428571428,,72.0,281.0,Wednesday
213,2021-04-22,28641,32010.428571428572,35127.17857142857,,59.8,403.0,Thursday
214,2021-04-23,12724,31193.85714285714,35058.03571428572,,29.4,707.0,Friday
215,2021-04-24,36785,34246.857142857145,35544.892857142855,,74.5,256.0,Saturday
216,2021-04-25,4597,29941.714285714286,33866.107142857145,,17.4,827.0,Sunday
217,2021-04-26,12249,26418.571428571428,32755.64285714286,,28.4,717.0,Monday
218,2021-04-27,12366,20405.285714285714,31063.964285714286,,28.799999999999997,713.0,Tuesday
219,2021-04-28,14935,17471.0,29564.75,,32.5,676.0,Wednesday
220,2021-04-29,314,13424.285714285714,28304.5,,7.8,923.0,Thursday
221,2021-04-30,5337,12369.0,27454.571428571428,,18.4,817.0,Friday
222,2021-05-01,1062,7265.714285714285,26166.785714285714,,10.9,892.0,Saturday
223,2021-05-02,2520,6969.0,26000.10714285714,,14.399999999999999,857.0,Sunday
224,2021-05-03,24352,8698.0,25122.60714285714,,50.0,501.0,Monday
225,2021-05-04,20101,9803.0,23400.75,,42.0,581.0,Tuesday
226,2021-05-05,0,7669.428571428572,21162.60714285714,,2.85,972.5,Wednesday
227,2021-05-06,21886,10751.142857142857,20622.39285714286,,45.6,545.0,Thursday
228,2021-05-07,21356,13039.57142857143,21167.928571428572,,45.0,551.0,Friday
229,2021-05-08,9836,14293.0,21519.214285714286,,25.900000000000002,742.0,Saturday
230,2021-05-09,3406,14419.57142857143,21065.285714285714,,16.0,841.0,Sunday
231,2021-05-10,42051,16948.0,20952.964285714286,,83.1,170.0,Monday
232,2021-05-11,25235,17681.428571428572,20339.464285714286,,51.9,482.0,Tuesday
233,2021-05-12,40775,23506.428571428572,20783.785714285714,,80.60000000000001,195.0,Wednesday
234,2021-05-13,34108,25252.428571428572,20359.571428571428,,69.1,310.0,Thursday
235,2021-05-14,28767,26311.14285714286,20728.39285714286,,59.9,402.0,Friday
236,2021-05-15,0,24906.0,20177.89285714286,,2.85,972.5,Saturday
237,2021-05-16,7139,25439.285714285714,19192.39285714286,,22.0,781.0,Sunday
238,2021-05-17,35781,24543.571428571428,19152.035714285714,,72.6,275.0,Monday
239,2021-05-18,32122,25527.428571428572,18354.285714285714,,66.10000000000001,340.0,Tuesday
240,2021-05-19,35168,24726.428571428572,18343.321428571428,,71.6,285.0,Wednesday
241,2021-05-20,30697,24239.14285714286,18416.75,,63.2,369.0,Thursday
242,2021-05-21,20883,23112.85714285714,18708.14285714286,,43.5,566.0,Friday
243,2021-05-22,19741,25933.0,18099.428571428572,,41.099999999999994,590.0,Saturday
244,2021-05-23,20175,27795.285714285714,18655.785714285714,,42.3,578.0,Sunday
245,2021-05-24,36838,27946.285714285714,19533.964285714286,,74.9,252.0,Monday
246,2021-05-25,46395,29985.285714285714,20749.285714285714,,87.8,123.0,Tuesday
247,2021-05-26,38854,30511.85714285714,21603.535714285714,,78.3,218.0,Wednesday
248,2021-05-27,22674,29365.714285714286,22402.10714285714,,46.9,532.0,Thursday
249,2021-05-28,26113,30112.85714285714,23144.10714285714,,53.7,464.0,Friday
250,2021-05-29,18290,29905.571428571428,23759.39285714286,,38.2,619.0,Saturday
251,2021-05-30,28997,31165.85714285714,24705.0,,60.3,398.0,Sunday
252,2021-05-31,4833,26593.714285714286,24007.89285714286,,17.5,826.0,Monday
253,2021-06-01,24829,23512.85714285714,24176.75,,50.8,493.0,Tuesday
254,2021-06-02,36930,23238.0,25495.678571428572,,75.2,249.0,Wednesday
255,2021-06-03,40542,25790.571428571428,26161.964285714286,,80.2,199.0,Thursday
256,2021-06-04,45297,28531.14285714286,27017.0,,86.5,136.0,Friday
257,2021-06-05,4136,26509.14285714286,26813.428571428572,,17.0,831.0,Saturday
258,2021-06-06,1084,22521.571428571428,26730.5,,11.0,891.0,Sunday
259,2021-06-07,10059,23268.14285714286,25587.928571428572,,26.3,738.0,Monday
260,2021-06-08,25490,23362.571428571428,25597.035714285714,,52.2,479.0,Tuesday
261,2021-06-09,10370,19568.285714285714,24511.14285714286,,26.5,736.0,Wednesday
262,2021-06-10,21211,16806.714285714286,24050.535714285714,,44.6,555.0,Thursday
263,2021-06-11,9331,11668.714285714286,23356.39285714286,,25.1,750.0,Friday
264,2021-06-12,2311,11408.0,23438.928571428572,,14.000000000000002,861.0,Saturday
265,2021-06-13,2081,11550.42857142857,23258.285714285714,,13.4,867.0,Sunday
266,2021-06-14,18980,12824.857142857143,22658.25,,40.0,601.0,Monday
267,2021-06-15,32662,13849.42857142857,22677.535714285714,,67.4,327.0,Tuesday
268,2021-06-16,39301,17982.428571428572,22825.14285714286,,78.7,214.0,Wednesday
269,2021-06-17,25310,18568.0,22632.75,,52.0,481.0,Thursday
270,2021-06-18,11055,18814.285714285714,22281.75,,27.3,728.0,Friday
271,2021-06-19,5258,19235.285714285714,21764.5,,18.3,818.0,Saturday
272,2021-06-20,9107,20239.0,21369.214285714286,,24.6,755.0,Sunday
273,2021-06-21,20104,20399.571428571428,20771.571428571428,,42.1,580.0,Monday
274,2021-06-22,28596,19818.714285714286,20135.89285714286,,59.599999999999994,405.0,Tuesday
275,2021-06-23,25414,17834.85714285714,19655.89285714286,,52.1,480.0,Wednesday
276,2021-06-24,22398,17418.85714285714,19646.035714285714,,46.300000000000004,538.0,Thursday
277,2021-06-25,38387,21323.428571428572,20084.39285714286,,77.2,229.0,Friday
278,2021-06-26,19505,23358.714285714286,20127.785714285714,,40.699999999999996,594.0,Saturday
279,2021-06-27,5931,22905.0,19304.0,,19.3,808.0,Sunday
280,2021-06-28,29133,24194.85714285714,20171.85714285714,,60.699999999999996,394.0,Monday
281,2021-06-29,31937,24672.14285714286,20425.714285714286,,65.60000000000001,345.0,Tuesday
282,2021-06-30,25145,24633.714285714286,20004.821428571428,,51.7,484.0,Wednesday
283,2021-07-01,45709,27963.85714285714,20189.35714285714,,87.1,130.0,Thursday
284,2021-07-02,27532,26413.14285714286,19554.89285714286,,57.49999999999999,426.0,Friday
285,2021-07-03,19280,26381.0,20095.75,,40.5,596.0,Saturday
286,2021-07-04,1919,25807.85714285714,20125.571428571428,,13.100000000000001,870.0,Sunday
287,2021-07-05,14317,23691.285714285714,20277.64285714286,,31.900000000000002,682.0,Monday
288,2021-07-06,33628,23932.85714285714,20568.285714285714,,68.2,319.0,Tuesday
289,2021-07-07,28521,24415.14285714286,21216.535714285714,,59.5,406.0,Wednesday
290,2021-07-08,27854,21864.428571428572,21453.785714285714,,57.99999999999999,421.0,Thursday
291,2021-07-09,28341,21980.0,22132.714285714286,,59.199999999999996,409.0,Friday
292,2021-07-10,14439,21288.428571428572,22565.85714285714,,32.1,680.0,Saturday
293,2021-07-11,9498,22371.14285714286,22830.75,,25.4,747.0,Sunday
294,2021-07-12,35969,25464.285714285714,23437.5,,73.1,270.0,Monday
295,2021-07-13,33876,25499.714285714286,23480.85714285714,,68.60000000000001,315.0,Tuesday
296,2021-07-14,16210,23741.0,22656.178571428572,,34.5,656.0,Wednesday
297,2021-07-15,35425,24822.571428571428,23017.428571428572,,71.89999999999999,282.0,Thursday
298,2021-07-16,30617,25147.714285714286,23716.071428571428,,63.1,370.0,Friday
299,2021-07-17,21668,26180.428571428572,24302.14285714286,,45.5,546.0,Saturday
300,2021-07-18,29008,28967.571428571428,25012.89285714286,,60.4,397.0,Sunday
301,2021-07-19,43823,30089.571428571428,25860.0,,84.89999999999999,152.0,Monday
302,2021-07-20,15070,27403.0,25376.928571428572,,32.9,672.0,Tuesday
303,2021-07-21,39804,30773.571428571428,25890.85714285714,,79.7,204.0,Wednesday
304,2021-07-22,44125,32016.428571428572,26666.821428571428,,85.1,150.0,Thursday
305,2021-07-23,25097,31227.85714285714,26192.178571428572,,51.6,485.0,Friday
306,2021-07-24,38692,33659.857142857145,26877.428571428572,,77.5,226.0,Saturday
307,2021-07-25,25075,33098.0,27561.14285714286,,51.300000000000004,488.0,Sunday
308,2021-07-26,31564,31346.714285714286,27647.964285714286,,65.0,351.0,Monday
309,2021-07-27,27861,33174.0,27502.39285714286,,58.099999999999994,420.0,Tuesday
310,2021-07-28,35862,32610.85714285714,27885.14285714286,,72.89999999999999,272.0,Wednesday
311,2021-07-29,48558,33244.142857142855,27986.89285714286,,89.9,102.0,Thursday
312,2021-07-30,31219,34118.71428571428,28118.571428571428,,63.9,362.0,Friday
313,2021-07-31,20576,31530.714285714286,28164.85714285714,,43.2,569.0,Saturday
314,2021-08-01,7296,28990.85714285714,28356.89285714286,,22.2,779.0,Sunday
315,2021-08-02,42704,30582.285714285714,29370.714285714286,,83.8,163.0,Monday
316,2021-08-03,47937,33450.28571428572,29881.75,,89.3,108.0,Tuesday
317,2021-08-04,21552,31406.0,29632.85714285714,,45.300000000000004,548.0,Wednesday
318,2021-08-05,32184,29066.85714285714,29787.5,,66.35,337.5,Thursday
319,2021-08-06,44586,30976.428571428572,30367.678571428572,,85.8,143.0,Friday
320,2021-08-07,17377,30519.428571428572,30472.60714285714,,36.8,633.0,Saturday
321,2021-08-08,6318,30379.714285714286,30359.035714285714,,20.349999999999998,797.5,Sunday
322,2021-08-09,24429,27769.0,29946.89285714286,,50.2,499.0,Monday
323,2021-08-10,35670,26016.571428571428,30010.964285714286,,72.5,276.0,Tuesday
324,2021-08-11,24372,26419.428571428572,30302.464285714286,,50.1,500.0,Wednesday
325,2021-08-12,43453,28029.285714285714,30589.178571428572,,84.6,155.0,Thursday
326,2021-08-13,36656,26896.428571428572,30804.85714285714,,74.1,260.0,Friday
327,2021-08-14,17281,26882.714285714286,30648.178571428572,,36.6,635.0,Saturday
328,2021-08-15,1830,26241.571428571428,29677.535714285714,,12.8,873.0,Sunday
329,2021-08-16,41641,28700.428571428572,29599.60714285714,,82.1,180.0,Monday
330,2021-08-17,23921,27022.0,29915.714285714286,,49.3,508.0,Tuesday
331,2021-08-18,11283,25152.14285714286,28897.10714285714,,27.500000000000004,726.0,Wednesday
332,2021-08-19,31529,23448.714285714286,28447.25,,64.9,352.0,Thursday
333,2021-08-20,36314,23399.85714285714,28847.85714285714,,73.8,263.0,Friday
334,2021-08-21,3834,21478.85714285714,27602.928571428572,,16.6,835.0,Saturday
335,2021-08-22,11392,22844.85714285714,27114.25,,27.800000000000004,723.0,Sunday
336,2021-08-23,26247,20645.714285714286,26924.35714285714,,54.2,459.0,Monday
337,2021-08-24,31339,21705.428571428572,27048.571428571428,,64.5,356.0,Tuesday
338,2021-08-25,20123,22968.285714285714,26486.464285714286,,42.199999999999996,579.0,Wednesday
339,2021-08-26,12438,20241.0,25196.464285714286,,28.9,712.0,Thursday
340,2021-08-27,82,15065.0,24084.428571428572,,6.5,936.0,Friday
341,2021-08-28,0,14517.285714285714,23349.571428571428,,2.85,972.5,Saturday
342,2021-08-29,942,13024.42857142857,23122.64285714286,,10.2,899.0,Sunday
343,2021-08-30,30002,13560.857142857143,22669.0,,62.3,378.0,Monday
344,2021-08-31,38238,14546.42857142857,22322.60714285714,,77.0,231.0,Tuesday
345,2021-09-01,19699,14485.857142857143,22256.428571428572,,41.0,591.0,Wednesday
346,2021-09-02,16876,15119.857142857143,21709.714285714286,,35.9,642.0,Thursday
347,2021-09-03,7045,16114.57142857143,20368.964285714286,,21.7,784.0,Friday
348,2021-09-04,6199,17000.14285714286,19969.75,,20.0,801.0,Saturday
349,2021-09-05,6152,17744.428571428572,19963.821428571428,,19.900000000000002,802.0,Sunday
350,2021-09-06,20992,16457.285714285714,19841.071428571428,,44.0,561.0,Monday
351,2021-09-07,42412,17053.571428571428,20081.85714285714,,83.39999999999999,167.0,Tuesday
352,2021-09-08,48699,21196.428571428572,20950.678571428572,,90.10000000000001,100.0,Wednesday
353,2021-09-09,22077,21939.428571428572,20187.25,,45.800000000000004,543.0,Thursday
354,2021-09-10,25543,24582.0,19790.35714285714,,52.5,476.0,Friday
355,2021-09-11,37576,29064.428571428572,20515.178571428572,,75.9,242.0,Saturday
356,2021-09-12,13412,30101.571428571428,20928.821428571428,,30.599999999999998,695.0,Sunday
357,2021-09-13,40983,32957.42857142857,20905.321428571428,,80.9,192.0,Monday
358,2021-09-14,50865,34165.0,21867.60714285714,,92.10000000000001,80.0,Tuesday
359,2021-09-15,45412,33695.42857142857,23086.5,,86.8,133.0,Wednesday
360,2021-09-16,51579,37910.0,23802.571428571428,,92.5,76.0,Thursday
361,2021-09-17,21041,37266.857142857145,23257.10714285714,,44.1,560.0,Friday
362,2021-09-18,8421,33101.857142857145,23420.928571428572,,23.7,764.0,Saturday
363,2021-09-19,8668,32424.14285714286,23323.64285714286,,24.099999999999998,760.0,Sunday
364,2021-09-20,38117,32014.714285714286,23747.571428571428,29795.81917808219,76.9,232.0,Monday
365,2021-09-21,34264,29643.14285714286,23852.035714285714,29837.416438356166,69.6,305.0,Tuesday
366,2021-09-22,60820,31844.285714285714,25305.5,29914.26301369863,97.1,30.0,Wednesday
367,2021-09-23,65907,33891.142857142855,27215.10714285714,30006.98082191781,98.7,14.0,Thursday
368,2021-09-24,14264,32923.0,27721.60714285714,29950.997260273973,31.7,684.0,Friday
369,2021-09-25,6475,32645.0,27952.85714285714,29839.865753424656,20.7,794.0,Saturday
370,2021-09-26,4496,32049.0,28079.785714285714,29760.15068493151,17.2,829.0,Sunday
371,2021-09-27,65464,35955.71428571428,29346.285714285714,29877.05205479452,98.6,15.0,Monday
372,2021-09-28,34911,36048.142857142855,29227.464285714286,29873.649315068495,71.0,291.0,Tuesday
373,2021-09-29,55472,35284.142857142855,30505.071428571428,29895.246575342466,94.89999999999999,52.0,Wednesday
374,2021-09-30,45730,32401.714285714286,31535.571428571428,29907.832876712328,87.2,129.0,Thursday
375,2021-10-01,44509,36722.42857142857,32873.57142857143,29852.04109589041,85.5,146.0,Friday
376,2021-10-02,17803,38340.71428571428,33288.0,29837.580821917807,37.3,628.0,Saturday
377,2021-10-03,16314,40029.0,33650.92857142857,29735.81917808219,34.699999999999996,654.0,Sunday
378,2021-10-04,49460,37742.71428571428,34667.642857142855,29799.901369863015,91.0,91.0,Monday
379,2021-10-05,59511,41257.0,35278.32142857143,29834.55616438356,96.6,35.0,Tuesday
380,2021-10-06,35976,38471.857142857145,34823.92857142857,29814.9698630137,73.2,269.0,Wednesday
381,2021-10-07,40866,37777.0,35494.96428571428,29797.56712328767,80.80000000000001,193.0,Thursday
382,2021-10-08,13504,33347.71428571428,35065.0,29667.742465753425,30.8,693.0,Friday
383,2021-10-09,25832,34494.71428571428,34645.57142857143,29598.698630136987,52.800000000000004,473.0,Saturday
384,2021-10-10,39724,37839.0,35585.28571428572,29650.038356164383,79.60000000000001,205.0,Sunday
385,2021-10-11,57380,38970.42857142857,36170.892857142855,29777.94794520548,95.7,44.0,Monday
386,2021-10-12,66517,39971.28571428572,36729.892857142855,29886.202739726028,98.9,12.0,Tuesday
387,2021-10-13,58065,43126.857142857145,37181.78571428572,29952.904109589042,96.0,41.0,Wednesday
388,2021-10-14,65935,46708.142857142855,37694.5,30001.038356164383,98.8,13.0,Thursday
389,2021-10-15,30753,49172.28571428572,38041.357142857145,30033.476712328767,63.4,367.0,Friday
390,2021-10-16,429,45543.28571428572,37755.92857142857,29984.076712328766,8.4,917.0,Saturday
391,2021-10-17,298,39911.0,37457.0,29910.621917808217,7.6,925.0,Sunday
392,2021-10-18,44970,38138.142857142855,37701.75,29919.101369863012,86.2,139.0,Monday
393,2021-10-19,52223,36096.142857142855,38343.142857142855,29930.24109589041,92.9,72.0,Tuesday
394,2021-10-20,23844,31207.428571428572,37022.57142857143,29882.449315068494,49.1,510.0,Wednesday
395,2021-10-21,41177,27670.571428571428,36139.357142857145,29880.994520547945,81.3,188.0,Thursday
396,2021-10-22,23366,26615.285714285714,36464.42857142857,29838.616438356163,47.9,522.0,Friday
397,2021-10-23,9473,27907.285714285714,36571.5,29730.575342465752,25.3,748.0,Saturday
398,2021-10-24,0,27864.714285714286,36410.92857142857,29688.780821917808,2.85,972.5,Sunday
399,2021-10-25,54958,29291.571428571428,36035.71428571428,29836.098630136985,94.6,55.0,Monday
400,2021-10-26,62922,30820.0,37036.107142857145,29899.287671232876,98.1,20.0,Tuesday
401,2021-10-27,47200,34156.57142857143,36740.67857142857,29882.805479452054,88.7,114.0,Wednesday
402,2021-10-28,49860,35397.0,36888.17857142857,29873.249315068493,91.2,89.0,Thursday
403,2021-10-29,1554,32281.0,35354.07142857143,29735.60821917808,12.4,877.0,Friday
404,2021-10-30,10239,32390.428571428572,35083.92857142857,29645.479452054795,26.400000000000002,737.0,Saturday
405,2021-10-31,7001,33390.57142857143,34751.32142857143,29664.660273972604,21.6,785.0,Sunday
406,2021-11-01,3768,26077.714285714286,33119.46428571428,29658.84931506849,16.5,836.0,Monday
407,2021-11-02,0,17088.85714285714,30994.071428571428,29592.81917808219,2.85,972.5,Tuesday
408,2021-11-03,39306,15961.142857142857,31113.0,29646.882191780824,78.8,213.0,Wednesday
409,2021-11-04,39199,14438.142857142857,31053.464285714286,29597.043835616438,78.5,216.0,Thursday
410,2021-11-05,26646,18022.714285714286,31522.821428571428,29515.731506849315,55.50000000000001,446.0,Friday
411,2021-11-06,29173,20727.571428571428,31642.14285714286,29458.4,60.9,392.0,Saturday
412,2021-11-07,2216,20044.0,30302.571428571428,29407.750684931507,13.900000000000002,862.0,Sunday
413,2021-11-08,54575,27302.14285714286,30202.39285714286,29495.630136986303,94.1,60.0,Monday
414,2021-11-09,73788,37843.28571428572,30462.071428571428,29584.802739726027,99.6,5.0,Tuesday
415,2021-11-10,37456,37579.0,29726.035714285714,29615.427397260275,75.7,244.0,Wednesday
416,2021-11-11,26299,35736.142857142855,28310.464285714286,29557.498630136986,54.50000000000001,456.0,Thursday
417,2021-11-12,36267,37110.57142857143,28507.39285714286,29510.983561643836,73.7,264.0,Friday
418,2021-11-13,35023,37946.28571428572,29742.89285714286,29521.30410958904,71.39999999999999,287.0,Saturday
419,2021-11-14,1224,37804.57142857143,29775.964285714286,29447.219178082192,11.5,886.0,Sunday
420,2021-11-15,19834,32841.57142857143,28878.25,29428.81917808219,41.5,586.0,Monday
421,2021-11-16,52537,29805.714285714286,28889.464285714286,29427.87123287671,93.0,71.0,Tuesday
422,2021-11-17,42004,30455.428571428572,29538.035714285714,29378.164383561645,82.89999999999999,172.0,Wednesday
423,2021-11-18,29692,30940.14285714286,29127.85714285714,29304.843835616437,61.6,385.0,Thursday
424,2021-11-19,32493,30401.0,29453.821428571428,29187.1698630137,67.2,329.0,Friday
425,2021-11-20,2588,25767.428571428572,29207.928571428572,29117.45205479452,14.7,854.0,Saturday
426,2021-11-21,0,25592.571428571428,29207.928571428572,29066.465753424658,2.85,972.5,Sunday
427,2021-11-22,50259,29939.0,29040.10714285714,29101.038356164383,91.60000000000001,85.0,Monday
428,2021-11-23,41000,28290.85714285714,28257.178571428572,29004.290410958904,81.0,191.0,Tuesday
429,2021-11-24,0,22290.285714285714,26571.464285714286,28983.479452054795,2.85,972.5,Wednesday
430,2021-11-25,0,18048.571428571428,24790.75,28966.87123287671,2.85,972.5,Thursday
431,2021-11-26,2348,13742.142857142857,24819.10714285714,28972.660273972604,14.099999999999998,860.0,Friday
432,2021-11-27,2615,13746.0,24546.821428571428,28898.317808219177,14.799999999999999,853.0,Saturday
433,2021-11-28,41185,19629.571428571428,25767.678571428572,29010.821917808218,81.39999999999999,187.0,Sunday
434,2021-11-29,38798,17992.285714285714,27018.75,29024.145205479454,77.9,222.0,Monday
435,2021-11-30,36822,17395.428571428572,28333.821428571428,28940.005479452055,74.7,254.0,Tuesday
436,2021-12-01,29954,21674.571428571428,27999.821428571428,28964.024657534246,62.2,379.0,Wednesday
437,2021-12-02,48187,28558.428571428572,28320.821428571428,28976.498630136986,89.5,106.0,Thursday
438,2021-12-03,14409,30281.428571428572,27883.785714285714,28847.65479452055,32.0,681.0,Friday
439,2021-12-04,3196,30364.428571428572,26956.035714285714,28782.04109589041,15.6,845.0,Saturday
440,2021-12-05,11364,26104.285714285714,27282.75,28714.983561643836,27.700000000000003,724.0,Sunday
441,2021-12-06,58253,28883.571428571428,27414.10714285714,28866.97808219178,96.2,39.0,Monday
442,2021-12-07,46330,30241.85714285714,26433.464285714286,28869.791780821917,87.7,124.0,Tuesday
443,2021-12-08,16706,28349.285714285714,25692.39285714286,28870.827397260273,35.4,647.0,Wednesday
444,2021-12-09,26809,25295.285714285714,25710.60714285714,28792.394520547947,56.00000000000001,441.0,Thursday
445,2021-12-10,29714,27481.714285714286,25476.571428571428,28758.438356164384,61.7,384.0,Friday
446,2021-12-11,17192,29481.14285714286,24839.75,28654.290410958904,36.4,637.0,Saturday
447,2021-12-12,7832,28976.571428571428,25075.75,28569.35616438356,23.200000000000003,769.0,Sunday
448,2021-12-13,19344,23418.14285714286,25058.25,28560.33698630137,40.6,595.0,Monday
449,2021-12-14,57328,24989.285714285714,25229.35714285714,28616.687671232878,95.6,45.0,Tuesday
450,2021-12-15,12534,24393.285714285714,24176.85714285714,28481.249315068493,29.099999999999998,710.0,Wednesday
451,2021-12-16,36460,25772.0,24418.571428571428,28453.857534246574,73.9,262.0,Thursday
452,2021-12-17,37707,26913.85714285714,24604.785714285714,28447.550684931506,76.2,239.0,Friday
453,2021-12-18,23697,27843.14285714286,25358.678571428572,28388.153424657536,48.699999999999996,514.0,Saturday
454,2021-12-19,476,26792.285714285714,25375.678571428572,28348.460273972603,8.7,914.0,Sunday
455,2021-12-20,6643,24977.85714285714,23817.964285714286,28277.49315068493,20.8,793.0,Monday
456,2021-12-21,9560,18153.85714285714,22695.10714285714,28238.81095890411,25.5,746.0,Tuesday
457,2021-12-22,975,16502.571428571428,22729.928571428572,28193.920547945207,10.6,895.0,Wednesday
458,2021-12-23,460,11359.714285714286,22746.35714285714,28193.197260273973,8.6,915.0,Thursday
459,2021-12-24,0,5973.0,22662.5,28179.26301369863,2.85,972.5,Friday
460,2021-12-25,0,2587.714285714286,22569.10714285714,28169.2,2.85,972.5,Saturday
461,2021-12-26,0,2519.714285714286,21098.214285714286,28166.298630136986,2.85,972.5,Sunday
462,2021-12-27,0,1570.7142857142858,19712.571428571428,28158.934246575343,2.85,972.5,Monday
463,2021-12-28,0,205.0,18397.5,28123.512328767123,2.85,972.5,Tuesday
464,2021-12-29,0,65.71428571428571,17327.714285714286,28100.28219178082,2.85,972.5,Wednesday
465,2021-12-30,0,0.0,15606.75,28094.435616438357,2.85,972.5,Thursday
466,2021-12-31,806,115.14285714285714,15120.92857142857,28096.64383561644,9.8,903.0,Friday
467,2022-01-01,5148,850.5714285714286,15190.642857142857,28103.69589041096,18.2,819.0,Saturday
468,2022-01-02,5887,1691.5714285714287,14995.035714285714,28106.197260273973,19.1,810.0,Sunday
469,2022-01-03,8017,2836.8571428571427,13200.892857142857,28067.487671232877,23.400000000000002,767.0,Monday
470,2022-01-04,572,2918.5714285714284,11566.67857142857,28030.580821917807,9.2,909.0,Tuesday
471,2022-01-05,1194,3089.1428571428573,11012.67857142857,27961.912328767125,11.4,887.0,Wednesday
472,2022-01-06,9812,4490.857142857143,10405.642857142857,27938.446575342467,25.8,743.0,Thursday
473,2022-01-07,23340,7710.0,10178.0,27891.320547945204,47.8,523.0,Friday
474,2022-01-08,15991,9259.0,10135.107142857143,27797.36712328767,34.1,660.0,Saturday
475,2022-01-09,1,8418.142857142857,9855.42857142857,27713.602739726026,5.7,944.0,Sunday
476,2022-01-10,26002,10987.42857142857,10093.214285714286,27715.723287671233,53.5,466.0,Monday
477,2022-01-11,20433,13824.714285714286,8775.535714285714,27631.786301369862,42.8,573.0,Tuesday
478,2022-01-12,28348,17703.85714285714,9340.32142857143,27621.671232876713,59.3,408.0,Wednesday
479,2022-01-13,58190,24615.0,10116.392857142857,27780.265753424657,96.1,40.0,Thursday
480,2022-01-14,23706,24667.285714285714,9616.357142857143,27722.095890410958,48.8,513.0,Friday
481,2022-01-15,48225,29272.14285714286,10492.357142857143,27784.271232876712,89.60000000000001,105.0,Saturday
482,2022-01-16,5965,30124.14285714286,10688.392857142857,27746.36712328767,19.5,806.0,Sunday
483,2022-01-17,24846,29959.0,11338.5,27763.216438356165,51.0,491.0,Monday
484,2022-01-18,41952,33033.142857142855,12495.357142857143,27827.08219178082,82.8,173.0,Tuesday
485,2022-01-19,44061,35277.857142857145,14034.142857142857,27865.81917808219,85.0,151.0,Wednesday
486,2022-01-20,42902,33093.857142857145,15549.92857142857,27842.41095890411,83.89999999999999,162.0,Thursday
487,2022-01-21,60953,38414.857142857145,17726.821428571428,27924.994520547945,97.3,28.0,Friday
488,2022-01-22,15741,33774.28571428572,18289.0,27806.827397260273,33.900000000000006,662.0,Saturday
489,2022-01-23,32192,37521.0,19438.714285714286,27799.961643835617,66.5,336.0,Sunday
490,2022-01-24,27822,37946.142857142855,20432.35714285714,27783.569863013698,57.9,422.0,Monday
491,2022-01-25,41528,37885.57142857143,21915.5,27719.528767123287,81.89999999999999,182.0,Tuesday
492,2022-01-26,41673,37544.42857142857,23403.821428571428,27767.77808219178,82.19999999999999,179.0,Wednesday
493,2022-01-27,22502,34630.142857142855,24207.464285714286,27695.07397260274,46.6,535.0,Thursday
494,2022-01-28,2382,26262.85714285714,24263.75,27574.88493150685,14.2,859.0,Friday
495,2022-01-29,26572,27810.14285714286,25028.89285714286,27538.528767123287,55.300000000000004,448.0,Saturday
496,2022-01-30,3654,23733.285714285714,24949.14285714286,27429.816438356163,16.2,839.0,Sunday
497,2022-01-31,19622,22561.85714285714,25363.60714285714,27409.29315068493,40.9,592.0,Monday
498,2022-02-01,32163,21224.0,26491.85714285714,27335.882191780824,66.2,339.0,Tuesday
499,2022-02-02,18906,17971.571428571428,27124.428571428572,27338.405479452056,39.7,604.0,Wednesday
500,2022-02-03,8715,16002.0,27085.25,27225.01917808219,24.5,756.0,Thursday
501,2022-02-04,14949,17797.285714285714,26785.571428571428,27150.84109589041,32.6,675.0,Friday
502,2022-02-05,8075,15154.857142857143,26502.85714285714,27140.482191780822,23.5,766.0,Saturday
503,2022-02-06,6414,15549.142857142857,26731.89285714286,27149.468493150685,20.5,796.0,Sunday
504,2022-02-07,41850,18724.571428571428,27297.89285714286,27221.520547945205,82.5,176.0,Monday
505,2022-02-08,18543,16778.85714285714,27230.39285714286,27078.923287671234,38.800000000000004,613.0,Tuesday
506,2022-02-09,40606,19878.85714285714,27668.178571428572,27059.098630136985,80.4,197.0,Wednesday
507,2022-02-10,16899,21048.0,26193.5,26968.279452054794,36.1,640.0,Thursday
508,2022-02-11,0,18912.428571428572,25346.85714285714,26818.70410958904,2.85,972.5,Friday
509,2022-02-12,0,17758.85714285714,23624.535714285714,26696.61917808219,2.85,972.5,Saturday
510,2022-02-13,9571,18209.85714285714,23753.321428571428,26660.70410958904,25.6,745.0,Sunday
511,2022-02-14,12485,14014.857142857143,23311.85714285714,26597.468493150685,28.999999999999996,711.0,Monday
512,2022-02-15,28291,15407.42857142857,22823.964285714286,26488.868493150683,59.0,411.0,Tuesday
513,2022-02-16,34208,14493.42857142857,22472.071428571428,26503.71506849315,69.39999999999999,307.0,Wednesday
514,2022-02-17,17688,14606.142857142857,21571.571428571428,26367.2301369863,37.0,631.0,Thursday
515,2022-02-18,16891,17019.14285714286,19997.928571428572,26279.271232876712,36.0,641.0,Friday
516,2022-02-19,1264,17199.714285714286,19480.89285714286,26111.575342465752,11.700000000000001,884.0,Saturday
517,2022-02-20,0,15832.42857142857,18331.178571428572,26053.106849315067,2.85,972.5,Sunday
518,2022-02-21,29610,18278.85714285714,18395.035714285714,26054.712328767124,61.4,387.0,Monday
519,2022-02-22,38647,19758.285714285714,18292.14285714286,25947.572602739725,77.4,227.0,Tuesday
520,2022-02-23,26538,18662.571428571428,17751.60714285714,25958.460273972603,55.00000000000001,451.0,Wednesday
521,2022-02-24,5637,16941.0,17149.285714285714,25837.320547945204,18.9,812.0,Thursday
522,2022-02-25,22079,17682.14285714286,17852.75,25801.435616438357,45.9,542.0,Friday
523,2022-02-26,0,17501.571428571428,16903.75,25698.569863013698,2.85,972.5,Saturday
524,2022-02-27,5958,18352.714285714286,16986.035714285714,25711.794520547945,19.400000000000002,807.0,Sunday
525,2022-02-28,31923,18683.14285714286,17425.35714285714,25764.10410958904,65.4,347.0,Monday
526,2022-03-01,39642,18825.285714285714,17692.464285714286,25802.02191780822,79.4,207.0,Tuesday
527,2022-03-02,25990,18747.0,17945.464285714286,25745.202739726028,53.300000000000004,468.0,Wednesday
528,2022-03-03,23558,21307.14285714286,18475.571428571428,25794.31506849315,48.5,516.0,Thursday
529,2022-03-04,1633,18386.285714285714,18000.0,25769.202739726028,12.5,876.0,Friday
530,2022-03-05,317,18431.571428571428,17722.928571428572,25714.65479452055,7.9,922.0,Saturday
531,2022-03-06,10470,19076.14285714286,17867.785714285714,25729.838356164382,26.700000000000003,734.0,Sunday
532,2022-03-07,35513,19589.0,17641.464285714286,25790.27397260274,72.1,280.0,Monday
533,2022-03-08,9169,15235.714285714286,17306.678571428572,25691.893150684933,24.8,753.0,Tuesday
534,2022-03-09,8712,12767.42857142857,16167.607142857143,25561.4,24.4,757.0,Wednesday
535,2022-03-10,8227,10577.285714285714,15857.892857142857,25433.77808219178,23.599999999999998,765.0,Thursday
536,2022-03-11,149,10365.285714285714,15863.214285714286,25284.58630136986,7.049999999999999,930.5,Friday
537,2022-03-12,439,10382.714285714286,15878.892857142857,25195.427397260275,8.5,916.0,Saturday
538,2022-03-13,149,8908.285714285714,15542.392857142857,25160.46301369863,7.049999999999999,930.5,Sunday
539,2022-03-14,28,3839.0,15097.5,25092.068493150684,6.1,940.0,Monday
540,2022-03-15,501,2600.714285714286,14105.0,24948.416438356166,8.799999999999999,913.0,Tuesday
541,2022-03-16,588,1440.142857142857,12904.285714285714,24800.04109589041,9.4,907.0,Wednesday
542,2022-03-17,3243,728.1428571428571,12388.392857142857,24670.92602739726,15.8,843.0,Thursday
543,2022-03-18,602,792.8571428571429,11806.642857142857,24597.783561643835,9.5,906.0,Friday
544,2022-03-19,15496,2943.8571428571427,12314.92857142857,24540.942465753425,33.300000000000004,668.0,Saturday
545,2022-03-20,3742,3457.1428571428573,12448.57142857143,24512.816438356163,16.400000000000002,837.0,Sunday
546,2022-03-21,17507,5954.142857142857,12016.32142857143,24496.846575342464,36.9,632.0,Monday
547,2022-03-22,30165,10191.857142857143,11713.392857142857,24423.89589041096,62.5,376.0,Tuesday
548,2022-03-23,60708,18780.428571428572,12933.75,24456.224657534247,96.89999999999999,32.0,Wednesday
549,2022-03-24,18577,20971.0,13395.892857142857,24346.12328767123,38.9,612.0,Thursday
550,2022-03-25,18102,23471.0,13253.857142857143,24229.257534246575,37.8,623.0,Friday
551,2022-03-26,34319,26160.0,14479.535714285714,24283.117808219176,69.69999999999999,304.0,Saturday
552,2022-03-27,20228,28515.14285714286,14989.17857142857,24275.10410958904,42.5,576.0,Sunday
553,2022-03-28,45768,32552.428571428572,15483.642857142857,24259.117808219176,87.3,128.0,Monday
554,2022-03-29,39656,33908.28571428572,15484.142857142857,24249.01917808219,79.5,206.0,Tuesday
555,2022-03-30,30980,29661.428571428572,15662.357142857143,24170.24383561644,63.6,365.0,Wednesday
556,2022-03-31,48381,33919.142857142855,16548.89285714286,24146.868493150683,89.8,103.0,Thursday
557,2022-04-01,37320,36664.57142857143,17823.428571428572,24151.57808219178,75.5,246.0,Friday
558,2022-04-02,18316,34378.42857142857,18466.25,24121.93698630137,38.3,618.0,Saturday
559,2022-04-03,15866,33755.28571428572,18658.964285714286,24063.70684931507,34.0,661.0,Sunday
560,2022-04-04,47193,33958.857142857145,19076.10714285714,24173.312328767122,88.6,115.0,Monday
561,2022-04-05,37989,33720.71428571428,20105.39285714286,24143.358904109587,76.7,234.0,Tuesday
562,2022-04-06,14892,31422.428571428572,20326.10714285714,23997.0,32.4,677.0,Wednesday
563,2022-04-07,35328,29557.714285714286,21294.0,23922.095890410958,71.8,283.0,Thursday
564,2022-04-08,18277,26837.285714285714,21941.428571428572,23870.76712328767,38.1,620.0,Friday
565,2022-04-09,7538,25297.571428571428,22194.964285714286,23874.75890410959,22.7,774.0,Saturday
566,2022-04-10,21223,26062.85714285714,22947.60714285714,23932.904109589042,44.7,554.0,Sunday
567,2022-04-11,38762,24858.428571428572,24330.964285714286,23994.94794520548,77.8,223.0,Monday
568,2022-04-12,54136,27165.14285714286,26246.5,24019.44109589041,93.89999999999999,62.0,Tuesday
569,2022-04-13,27949,29030.428571428572,27223.678571428572,23979.813698630136,58.3,418.0,Wednesday
570,2022-04-14,43159,30149.14285714286,28649.25,24020.430136986302,84.2,159.0,Thursday
571,2022-04-15,18929,30242.285714285714,29303.785714285714,23946.301369863013,39.900000000000006,602.0,Friday
572,2022-04-16,12806,30994.85714285714,29207.714285714286,23930.865753424656,29.5,706.0,Saturday
573,2022-04-17,6992,28961.85714285714,29323.785714285714,23907.791780821917,21.5,786.0,Sunday
574,2022-04-18,24739,26958.571428571428,29582.071428571428,23880.41095890411,50.7,494.0,Monday
575,2022-04-19,36764,24476.85714285714,29817.75,23880.008219178082,74.3,258.0,Tuesday
576,2022-04-20,42571,26565.714285714286,29170.0,23847.438356164384,83.6,165.0,Wednesday
577,2022-04-21,16420,22745.85714285714,29092.964285714286,23795.23287671233,35.0,651.0,Thursday
578,2022-04-22,30101,24341.85714285714,29521.5,23799.23287671233,62.4,377.0,Friday
579,2022-04-23,0,22512.428571428572,28295.821428571428,23764.372602739724,2.85,972.5,Saturday
580,2022-04-24,9738,22904.714285714286,27921.178571428572,23690.271232876712,25.7,744.0,Sunday
581,2022-04-25,61200,28113.428571428572,28472.321428571428,23845.347945205478,97.39999999999999,27.0,Monday
582,2022-04-26,62596,31803.714285714286,29291.60714285714,23983.28493150685,97.89999999999999,22.0,Tuesday
583,2022-04-27,25653,29386.85714285714,29101.35714285714,24019.687671232878,52.6,475.0,Wednesday
584,2022-04-28,29728,31288.0,28435.178571428572,24060.216438356165,61.8,383.0,Thursday
585,2022-04-29,21314,30032.714285714286,27863.535714285714,24117.750684931507,44.800000000000004,553.0,Friday
586,2022-04-30,16751,32425.714285714286,27807.64285714286,24149.02191780822,35.5,646.0,Saturday
587,2022-05-01,7976,32174.0,27525.85714285714,24167.964383561644,23.3,768.0,Sunday
588,2022-05-02,39248,29038.0,27242.10714285714,24268.58904109589,78.60000000000001,215.0,Monday
589,2022-05-03,72910,30511.428571428572,28489.285714285714,24401.624657534245,99.5,6.0,Tuesday
590,2022-05-04,25501,30489.714285714286,28868.178571428572,24416.419178082193,52.300000000000004,478.0,Wednesday
591,2022-05-05,7581,27325.85714285714,27877.214285714286,24437.18904109589,22.900000000000002,772.0,Thursday
592,2022-05-06,0,24281.0,27224.464285714286,24377.227397260274,2.85,972.5,Friday
593,2022-05-07,943,22022.714285714286,26988.928571428572,24321.301369863013,10.299999999999999,898.0,Saturday
594,2022-05-08,0,20883.285714285714,26230.964285714286,24294.353424657533,2.85,972.5,Sunday
595,2022-05-09,19892,18118.14285714286,25557.035714285714,24339.520547945205,41.699999999999996,584.0,Monday
596,2022-05-10,26799,11530.857142857143,24580.714285714286,24297.734246575343,55.900000000000006,442.0,Tuesday
597,2022-05-11,16872,10298.142857142857,24185.10714285714,24274.821917808218,35.8,643.0,Wednesday
598,2022-05-12,17690,11742.285714285714,23275.5,24211.575342465752,37.1,630.0,Thursday
599,2022-05-13,46422,18374.0,24257.39285714286,24245.312328767122,87.9,122.0,Friday
600,2022-05-14,41497,24167.428571428572,25282.071428571428,24280.18904109589,81.8,183.0,Saturday
601,2022-05-15,7371,25220.428571428572,25295.60714285714,24300.383561643837,22.400000000000002,777.0,Sunday
602,2022-05-16,34980,27375.85714285714,25661.35714285714,24376.660273972604,71.2,289.0,Monday
603,2022-05-17,9313,24877.85714285714,24680.964285714286,24304.145205479454,25.0,751.0,Tuesday
604,2022-05-18,565,22548.285714285714,23180.75,24217.687671232878,9.1,910.0,Wednesday
605,2022-05-19,525,20096.14285714286,22613.071428571428,24122.775342465753,8.9,912.0,Thursday
606,2022-05-20,1525,13682.285714285714,21592.5,24042.85205479452,12.2,879.0,Friday
607,2022-05-21,4008,8326.714285714286,21735.64285714286,23996.61917808219,16.900000000000002,832.0,Saturday
608,2022-05-22,8555,8495.857142857143,21693.39285714286,23965.972602739726,23.9,762.0,Sunday
609,2022-05-23,20302,6399.0,20232.75,23966.320547945204,42.6,575.0,Monday
610,2022-05-24,26662,8877.42857142857,18949.39285714286,23938.44109589041,55.60000000000001,445.0,Tuesday
611,2022-05-25,26995,12653.142857142857,18997.321428571428,23885.290410958904,56.49999999999999,436.0,Wednesday
612,2022-05-26,62030,21439.571428571428,20150.964285714286,23948.786301369862,97.7,24.0,Thursday
613,2022-05-27,34996,26221.14285714286,20639.60714285714,23982.54520547945,71.3,288.0,Friday
614,2022-05-28,13718,27608.285714285714,20531.285714285714,23948.58630136986,30.9,692.0,Saturday
615,2022-05-29,9122,27689.285714285714,20572.214285714286,23923.468493150685,24.7,754.0,Sunday
616,2022-05-30,23474,28142.428571428572,20008.85714285714,23908.33698630137,48.3,518.0,Monday
617,2022-05-31,19791,27160.85714285714,18111.75,23949.317808219177,41.3,588.0,Tuesday
618,2022-06-01,12933,25152.0,17662.89285714286,23916.72602739726,30.0,701.0,Wednesday
619,2022-06-02,27148,20168.85714285714,18361.714285714286,23889.92602739726,57.099999999999994,430.0,Thursday
620,2022-06-03,23824,18572.85714285714,19212.571428571428,23844.12328767123,49.0,511.0,Friday
621,2022-06-04,6201,17499.0,19400.35714285714,23737.01095890411,20.1,800.0,Saturday
622,2022-06-05,15523,18413.428571428572,19954.75,23768.208219178083,33.4,667.0,Sunday
623,2022-06-06,14188,17086.85714285714,19751.035714285714,23804.109589041094,31.5,686.0,Monday
624,2022-06-07,41878,20242.14285714286,20289.571428571428,23891.28493150685,82.69999999999999,174.0,Tuesday
625,2022-06-08,9870,19804.571428571428,20039.5,23848.490410958904,26.0,741.0,Wednesday
626,2022-06-09,26164,19664.0,20342.14285714286,23891.761643835616,53.900000000000006,462.0,Thursday
627,2022-06-10,4554,16911.14285714286,18846.85714285714,23846.126027397262,17.299999999999997,828.0,Friday
628,2022-06-11,105,16040.285714285714,17368.571428571428,23820.84931506849,6.7,934.0,Saturday
629,2022-06-12,0,13822.714285714286,17105.321428571428,23814.517808219178,2.85,972.5,Sunday
630,2022-06-13,5355,12560.857142857143,16047.285714285714,23823.487671232877,18.5,816.0,Monday
631,2022-06-14,1034,6726.0,15751.607142857143,23774.320547945204,10.7,894.0,Tuesday
632,2022-06-15,6318,6218.571428571428,15957.07142857143,23702.145205479454,20.349999999999998,797.5,Wednesday
633,2022-06-16,38757,8017.571428571428,17322.5,23700.65479452055,77.7,224.0,Thursday
634,2022-06-17,17988,9936.714285714286,17910.464285714286,23680.594520547944,37.6,625.0,Friday
635,2022-06-18,810,10037.42857142857,17796.25,23652.52602739726,9.9,902.0,Saturday
636,2022-06-19,0,10037.42857142857,17490.714285714286,23638.120547945204,2.85,972.5,Sunday
637,2022-06-20,0,9272.42857142857,16765.64285714286,23613.1698630137,2.85,972.5,Monday
638,2022-06-21,15278,11307.285714285714,16359.07142857143,23599.94794520548,33.1,670.0,Tuesday
639,2022-06-22,16831,12809.142857142857,15996.07142857143,23567.71506849315,35.6,645.0,Wednesday
640,2022-06-23,10726,8804.714285714286,14163.785714285714,23527.47397260274,27.1,730.0,Thursday
641,2022-06-24,3222,6695.285714285715,13029.0,23474.93698630137,15.7,844.0,Friday
642,2022-06-25,0,6579.571428571428,12539.07142857143,23369.76712328767,2.85,972.5,Saturday
643,2022-06-26,0,6579.571428571428,12213.285714285714,23316.328767123287,2.85,972.5,Sunday
644,2022-06-27,29526,10797.57142857143,12429.42857142857,23380.972602739726,61.199999999999996,389.0,Monday
645,2022-06-28,26550,12407.857142857143,12670.82142857143,23373.89589041096,55.15,449.5,Tuesday
646,2022-06-29,31804,14546.857142857143,13344.785714285714,23373.531506849315,65.2,349.0,Wednesday
647,2022-06-30,26138,16748.571428571428,13308.714285714286,23376.25205479452,53.800000000000004,463.0,Thursday
648,2022-07-01,21543,19365.85714285714,13227.25,23310.043835616438,45.2,549.0,Friday
649,2022-07-02,0,19365.85714285714,13005.785714285714,23234.613698630135,2.85,972.5,Saturday
650,2022-07-03,0,19365.85714285714,12451.392857142857,23181.791780821917,2.85,972.5,Sunday
651,2022-07-04,5489,15932.0,12140.714285714286,23191.572602739725,18.6,815.0,Monday
652,2022-07-05,34136,17015.714285714286,11864.214285714286,23245.87123287671,69.19999999999999,309.0,Tuesday
653,2022-07-06,37760,17866.571428571428,12860.285714285714,23257.19178082192,76.4,237.0,Wednesday
654,2022-07-07,31444,18624.571428571428,13048.857142857143,23265.2,64.60000000000001,355.0,Thursday
655,2022-07-08,21181,18572.85714285714,13642.67857142857,23246.91780821918,44.4,557.0,Friday
656,2022-07-09,27697,22529.571428571428,14628.107142857143,23245.153424657536,57.8,423.0,Saturday
657,2022-07-10,13335,24434.571428571428,15104.357142857143,23242.12876712329,30.5,696.0,Sunday
658,2022-07-11,34388,28563.0,16141.25,23310.320547945204,69.89999999999999,302.0,Monday
659,2022-07-12,40769,29510.571428571428,17560.35714285714,23323.471232876713,80.5,196.0,Tuesday
660,2022-07-13,24224,27576.85714285714,18199.85714285714,23297.027397260274,49.8,503.0,Wednesday
661,2022-07-14,34589,28026.14285714286,18051.0,23347.38082191781,70.3,298.0,Thursday
662,2022-07-15,25084,28583.714285714286,18304.428571428572,23319.049315068492,51.449999999999996,486.5,Friday
663,2022-07-16,37725,30016.285714285714,19622.821428571428,23338.523287671233,76.3,238.0,Saturday
664,2022-07-17,0,28111.285714285714,19622.821428571428,23279.15890410959,2.85,972.5,Sunday
665,2022-07-18,46828,29888.428571428572,21295.25,23327.98082191781,88.3,118.0,Monday
666,2022-07-19,38377,29546.714285714286,22120.214285714286,23313.060273972602,77.10000000000001,230.0,Tuesday
667,2022-07-20,31813,30630.85714285714,22655.285714285714,23358.931506849316,65.3,348.0,Wednesday
668,2022-07-21,38935,31251.714285714286,23662.75,23356.550684931506,78.4,217.0,Thursday
669,2022-07-22,27906,31654.85714285714,24544.321428571428,23312.11506849315,58.199999999999996,419.0,Friday
670,2022-07-23,26750,30087.0,25499.678571428572,23316.64383561644,55.800000000000004,443.0,Saturday
671,2022-07-24,4265,30696.285714285714,25652.0,23222.32328767123,17.1,830.0,Sunday
672,2022-07-25,26928,27853.428571428572,25559.214285714286,23227.4,56.39999999999999,437.0,Monday
673,2022-07-26,46490,29012.428571428572,26271.35714285714,23268.29315068493,88.1,120.0,Tuesday
674,2022-07-27,23997,27895.85714285714,25992.535714285714,23257.70684931507,49.4,507.0,Wednesday
675,2022-07-28,24078,25773.428571428572,25918.964285714286,23225.42191780822,49.6,505.0,Thursday
676,2022-07-29,32184,26384.571428571428,26299.0,23180.561643835616,66.35,337.5,Friday
677,2022-07-30,844,22683.714285714286,26329.14285714286,23097.342465753423,10.100000000000001,900.0,Saturday
678,2022-07-31,0,22074.428571428572,26329.14285714286,23040.9698630137,2.85,972.5,Sunday
679,2022-08-01,24237,21690.0,26998.714285714286,23087.383561643837,49.9,502.0,Monday
680,2022-08-02,42692,21147.428571428572,27304.285714285714,23087.350684931505,83.7,164.0,Tuesday
681,2022-08-03,26326,21480.14285714286,26895.928571428572,23028.142465753426,54.6,455.0,Wednesday
682,2022-08-04,34408,22955.85714285714,27001.785714285714,23063.364383561642,70.0,301.0,Thursday
683,2022-08-05,47261,25109.714285714286,27933.214285714286,23104.671232876713,88.9,112.0,Friday
684,2022-08-06,2,24989.428571428572,26944.10714285714,22982.523287671233,5.800000000000001,943.0,Saturday
685,2022-08-07,1330,25179.428571428572,26515.35714285714,22938.55890410959,11.899999999999999,882.0,Sunday
686,2022-08-08,16260,24039.85714285714,25867.928571428572,22965.797260273972,34.599999999999994,655.0,Monday
687,2022-08-09,26905,21784.571428571428,25372.785714285714,22972.580821917807,56.25,438.5,Tuesday
688,2022-08-10,24666,21547.428571428572,25388.571428571428,22942.43287671233,50.5,496.0,Wednesday
689,2022-08-11,24466,20127.14285714286,25027.035714285714,22942.690410958905,50.3,498.0,Thursday
690,2022-08-12,18769,16056.857142857143,24801.5,22875.06301369863,39.5,606.0,Friday
691,2022-08-13,1148,16220.57142857143,23495.178571428572,22777.780821917808,11.200000000000001,889.0,Saturday
692,2022-08-14,6841,17007.85714285714,23739.5,22749.178082191782,21.0,791.0,Sunday
693,2022-08-15,12865,16522.85714285714,22526.535714285714,22779.41095890411,29.7,704.0,Monday
694,2022-08-16,18104,15265.57142857143,21802.5,22714.92602739726,37.9,622.0,Tuesday
695,2022-08-17,6469,12666.0,20897.35714285714,22667.11232876712,20.599999999999998,795.0,Wednesday
696,2022-08-18,31929,13732.142857142857,20647.14285714286,22723.67671232877,65.5,346.0,Thursday
697,2022-08-19,32939,15756.42857142857,20826.89285714286,22727.539726027397,67.60000000000001,325.0,Friday
698,2022-08-20,9252,16914.14285714286,20201.964285714286,22653.397260273974,24.9,752.0,Saturday
699,2022-08-21,71,15947.0,20052.178571428572,22643.087671232875,6.4,937.0,Sunday
700,2022-08-22,63149,23130.428571428572,21345.785714285714,22784.88767123288,98.2,19.0,Monday
701,2022-08-23,30566,24910.714285714286,20777.071428571428,22796.720547945206,62.8,373.0,Tuesday
702,2022-08-24,22879,27255.0,20737.14285714286,22773.542465753424,47.3,528.0,Wednesday
703,2022-08-25,44555,29058.714285714286,21468.464285714286,22840.479452054795,85.6,145.0,Thursday
704,2022-08-26,48859,31333.0,22064.0,22940.26301369863,90.2,99.0,Friday
705,2022-08-27,8676,31250.714285714286,22343.714285714286,22963.80821917808,24.2,759.0,Saturday
706,2022-08-28,0,31240.571428571428,22343.714285714286,22963.80821917808,2.85,972.5,Sunday
707,2022-08-29,22868,25486.14285714286,22294.821428571428,23023.879452054796,47.199999999999996,529.0,Monday
708,2022-08-30,32002,25691.285714285714,21913.035714285714,23029.358904109587,65.7,344.0,Tuesday
709,2022-08-31,11142,24014.571428571428,21370.75,22955.12328767123,27.400000000000002,727.0,Wednesday
710,2022-09-01,23291,20976.85714285714,20973.714285714286,22964.964383561644,47.599999999999994,525.0,Thursday
711,2022-09-02,1457,14205.142857142857,19337.85714285714,22922.720547945206,12.1,880.0,Friday
712,2022-09-03,0,12965.714285714286,19337.785714285714,22903.419178082193,2.85,972.5,Saturday
713,2022-09-04,0,12965.714285714286,19290.285714285714,22886.435616438357,2.85,972.5,Sunday
714,2022-09-05,1312,9886.285714285714,18756.428571428572,22873.175342465755,11.799999999999999,883.0,Monday
715,2022-09-06,0,5314.571428571428,17795.535714285714,22815.66301369863,2.85,972.5,Tuesday
716,2022-09-07,16172,6033.142857142857,17492.178571428572,22743.772602739726,34.300000000000004,658.0,Wednesday
717,2022-09-08,23406,6049.571428571428,17454.321428571428,22674.476712328767,48.0,521.0,Thursday
718,2022-09-09,10588,7354.0,17162.14285714286,22643.0,26.8,733.0,Friday
719,2022-09-10,1727,7600.714285714285,17182.821428571428,22577.750684931507,12.6,875.0,Saturday
720,2022-09-11,155,7622.857142857143,16944.035714285714,22475.227397260274,7.199999999999999,929.0,Sunday
721,2022-09-12,6809,8408.142857142857,16727.75,22457.13698630137,20.9,792.0,Monday
722,2022-09-13,16427,10754.857142857143,16667.85714285714,22389.8602739726,35.099999999999994,650.0,Tuesday
723,2022-09-14,27546,12379.714285714286,17420.60714285714,22325.972602739726,57.599999999999994,425.0,Wednesday
724,2022-09-15,19789,11863.0,16987.035714285714,22255.772602739726,41.199999999999996,589.0,Thursday
725,2022-09-16,12358,12115.857142857143,16252.0,22148.317808219177,28.7,714.0,Friday
726,2022-09-17,1792,12125.142857142857,15985.57142857143,22095.580821917807,12.7,874.0,Saturday
727,2022-09-18,0,12103.0,15983.035714285714,22072.509589041096,2.85,972.5,Sunday
728,2022-09-19,26197,14872.714285714286,14663.32142857143,22120.534246575342,54.0,461.0,Monday
729,2022-09-20,6146,13404.0,13791.17857142857,22032.942465753425,19.8,803.0,Tuesday
730,2022-09-21,3589,9981.57142857143,13102.25,21948.901369863015,16.1,840.0,Wednesday
731,2022-09-22,957,7291.285714285715,11545.17857142857,21784.893150684933,10.5,896.0,Thursday
732,2022-09-23,12256,7276.714285714285,10237.92857142857,21637.904109589042,28.499999999999996,716.0,Friday
733,2022-09-24,10698,8549.0,10310.142857142857,21628.134246575344,27.0,731.0,Saturday
734,2022-09-25,23495,11905.42857142857,11149.25,21674.764383561644,48.4,517.0,Sunday
735,2022-09-26,20895,11148.0,11078.785714285714,21719.693150684932,43.6,565.0,Monday
736,2022-09-27,33433,15046.142857142857,11129.892857142857,21631.93698630137,67.9,322.0,Tuesday
737,2022-09-28,29908,18806.0,11800.107142857143,21618.2301369863,62.0,381.0,Wednesday
738,2022-09-29,163,18692.571428571428,10974.107142857143,21466.698630136987,7.3,928.0,Thursday
739,2022-09-30,0,16941.714285714286,10922.07142857143,21341.41095890411,2.85,972.5,Friday
740,2022-10-01,0,15413.42857142857,10922.07142857143,21219.468493150685,2.85,972.5,Saturday
741,2022-10-02,10006,13486.42857142857,11279.42857142857,21198.106849315067,26.200000000000003,739.0,Sunday
742,2022-10-03,30750,14894.285714285714,12330.785714285714,21237.657534246577,63.3,368.0,Monday
743,2022-10-04,34729,15079.42857142857,13571.107142857143,21197.298630136986,70.7,294.0,Tuesday
744,2022-10-05,32252,15414.285714285714,14145.392857142857,21122.616438356163,66.8,333.0,Wednesday
745,2022-10-06,11684,17060.14285714286,13726.75,21056.06301369863,28.000000000000004,721.0,Thursday
746,2022-10-07,35830,22178.714285714286,14628.25,21042.265753424657,72.7,274.0,Friday
747,2022-10-08,2624,22553.571428571428,14660.285714285714,21012.457534246576,14.899999999999999,852.0,Saturday
748,2022-10-09,7557,22203.714285714286,14924.642857142857,20962.389041095892,22.8,773.0,Sunday
749,2022-10-10,27196,21696.0,15652.75,20928.065753424657,57.199999999999996,429.0,Monday
750,2022-10-11,38852,22285.0,16453.64285714286,20877.30410958904,78.2,219.0,Tuesday
751,2022-10-12,25889,21376.0,16394.464285714286,20765.994520547945,53.0,471.0,Wednesday
752,2022-10-13,57914,27980.285714285714,17756.071428571428,20765.580821917807,95.89999999999999,42.0,Thursday
753,2022-10-14,10001,24290.428571428572,17671.89285714286,20612.33698630137,26.1,740.0,Friday
754,2022-10-15,1544,24136.14285714286,17663.035714285714,20532.312328767122,12.3,878.0,Saturday
755,2022-10-16,0,23056.571428571428,17663.035714285714,20531.13698630137,2.85,972.5,Sunday
756,2022-10-17,12127,20903.85714285714,17160.535714285714,20563.54520547945,28.299999999999997,718.0,Monday
757,2022-10-18,31145,19802.85714285714,18053.35714285714,20525.668493150686,63.800000000000004,363.0,Tuesday
758,2022-10-19,27083,19973.428571428572,18892.428571428572,20456.791780821917,56.699999999999996,434.0,Wednesday
759,2022-10-20,21121,14717.285714285714,19612.571428571428,20449.331506849314,44.3,558.0,Thursday
760,2022-10-21,34606,18232.285714285714,20410.785714285714,20431.328767123287,70.39999999999999,297.0,Friday
761,2022-10-22,16922,20429.14285714286,20633.071428571428,20413.67397260274,36.199999999999996,639.0,Saturday
762,2022-10-23,12601,22229.285714285714,20244.0,20422.24383561644,29.299999999999997,708.0,Sunday
763,2022-10-24,31296,24967.714285714286,20615.464285714286,20507.986301369863,64.3,358.0,Monday
764,2022-10-25,36769,25771.14285714286,20734.60714285714,20458.153424657536,74.4,257.0,Tuesday
765,2022-10-26,26905,25745.714285714286,20627.35714285714,20359.476712328767,56.25,438.5,Wednesday
766,2022-10-27,43233,28904.571428571428,22165.571428571428,20348.60821917808,84.3,158.0,Thursday
767,2022-10-28,28086,27973.14285714286,23168.64285714286,20288.953424657535,58.599999999999994,415.0,Friday
768,2022-10-29,20939,28547.0,23916.464285714286,20342.06301369863,43.7,564.0,Saturday
769,2022-10-30,4952,27454.285714285714,23735.964285714286,20327.57808219178,17.8,823.0,Sunday
770,2022-10-31,31468,27478.85714285714,23761.60714285714,20394.610958904108,64.7,354.0,Monday
771,2022-11-01,38035,27659.714285714286,23879.678571428572,20488.49315068493,76.8,233.0,Tuesday
772,2022-11-02,24665,27339.714285714286,23608.714285714286,20556.068493150684,50.4,497.0,Wednesday
773,2022-11-03,41168,27044.714285714286,24661.714285714286,20561.1698630137,81.2,189.0,Thursday
774,2022-11-04,32066,27613.285714285714,24527.285714285714,20541.627397260276,66.0,341.0,Friday
775,2022-11-05,14284,26662.571428571428,24943.714285714286,20507.75890410959,31.8,683.0,Saturday
776,2022-11-06,5620,26758.0,24874.535714285714,20443.2301369863,18.7,814.0,Sunday
777,2022-11-07,35930,27395.428571428572,25186.464285714286,20535.59726027397,73.0,271.0,Monday
778,2022-11-08,36791,27217.714285714286,25112.85714285714,20486.873972602738,74.6,255.0,Tuesday
779,2022-11-09,53965,31403.428571428572,26115.571428571428,20432.564383561643,93.8,63.0,Wednesday
780,2022-11-10,41626,31468.85714285714,25533.85714285714,20443.98904109589,82.0,181.0,Thursday
781,2022-11-11,2417,27233.285714285714,25263.0,20378.55890410959,14.299999999999999,858.0,Friday
782,2022-11-12,0,25192.714285714286,25207.85714285714,20279.197260273973,2.85,972.5,Saturday
783,2022-11-13,23870,27799.85714285714,26060.35714285714,20248.641095890413,49.2,509.0,Sunday
784,2022-11-14,36842,27930.14285714286,26943.035714285714,20346.224657534247,75.0,251.0,Monday
785,2022-11-15,13763,24640.428571428572,26322.25,20329.591780821916,31.1,690.0,Tuesday
786,2022-11-16,31471,21427.0,26478.964285714286,20271.87671232877,64.8,353.0,Wednesday
787,2022-11-17,26435,19256.85714285714,26668.75,20229.22191780822,54.900000000000006,452.0,Thursday
788,2022-11-18,25977,22622.571428571428,26360.571428571428,20219.043835616438,53.2,469.0,Friday
789,2022-11-19,13298,24522.285714285714,26231.14285714286,20166.45479452055,30.4,697.0,Saturday
790,2022-11-20,11312,22728.285714285714,26185.10714285714,20190.35616438356,27.6,725.0,Sunday
791,2022-11-21,15662,19702.571428571428,25626.75,20233.265753424657,33.7,664.0,Monday
792,2022-11-22,38472,23232.428571428572,25687.571428571428,20200.972602739726,77.3,228.0,Tuesday
793,2022-11-23,15598,20964.85714285714,25283.75,20131.378082191783,33.6,665.0,Wednesday
794,2022-11-24,51,17195.714285714286,23741.535714285714,20131.517808219178,6.3,938.0,Thursday
795,2022-11-25,7401,14542.0,23002.785714285714,20151.794520547945,22.5,776.0,Friday
796,2022-11-26,49127,19660.428571428572,24009.5,20279.956164383562,90.9,92.0,Saturday
797,2022-11-27,20413,20960.571428571428,24561.678571428572,20328.71780821918,42.699999999999996,574.0,Sunday
798,2022-11-28,34935,23713.85714285714,24685.5,20311.594520547944,71.1,290.0,Monday
799,2022-11-29,20613,21162.571428571428,24063.285714285714,20261.772602739726,43.3,568.0,Tuesday
800,2022-11-30,44702,25320.285714285714,24778.89285714286,20283.361643835615,85.9,142.0,Wednesday
801,2022-12-01,34026,30173.85714285714,24523.821428571428,20294.517808219178,68.89999999999999,312.0,Thursday
802,2022-12-02,28416,33176.0,24393.464285714286,20240.350684931505,59.4,407.0,Friday
803,2022-12-03,2852,26565.285714285714,23985.178571428572,20208.687671232878,15.299999999999999,848.0,Saturday
804,2022-12-04,22045,26798.428571428572,24571.785714285714,20260.328767123287,45.7,544.0,Sunday
805,2022-12-05,90447,34728.71428571428,26518.821428571428,20476.994520547945,100.0,1.0,Monday
806,2022-12-06,45684,38310.28571428572,26836.428571428572,20442.55890410959,87.0,131.0,Tuesday
807,2022-12-07,44317,38255.28571428572,26491.85714285714,20437.043835616438,85.2,149.0,Wednesday
808,2022-12-08,44502,39751.857142857145,26594.571428571428,20513.197260273973,85.39999999999999,147.0,Thursday
809,2022-12-09,36484,40904.42857142857,27811.25,20539.70410958904,74.0,261.0,Friday
810,2022-12-10,28806,44612.142857142855,28840.035714285714,20537.216438356165,60.099999999999994,400.0,Saturday
811,2022-12-11,13153,43341.857142857145,28457.285714285714,20526.15068493151,30.2,699.0,Sunday
812,2022-12-12,28954,34557.142857142855,28175.571428571428,20584.01917808219,60.199999999999996,399.0,Monday
813,2022-12-13,26729,31849.285714285714,28638.64285714286,20604.25205479452,55.7,444.0,Tuesday
814,2022-12-14,30570,29885.428571428572,28606.464285714286,20530.942465753425,62.9,372.0,Wednesday
815,2022-12-15,41830,29503.714285714286,29156.285714285714,20611.205479452055,82.39999999999999,177.0,Thursday
816,2022-12-16,53821,31980.428571428572,30150.714285714286,20658.7698630137,93.7,64.0,Friday
817,2022-12-17,17969,30432.285714285714,30317.535714285714,20604.693150684932,37.4,627.0,Saturday
818,2022-12-18,2131,28857.714285714286,29989.64285714286,20545.60821917808,13.600000000000001,865.0,Sunday
819,2022-12-19,12590,26520.0,29879.928571428572,20578.797260273972,29.2,709.0,Monday
820,2022-12-20,7616,23789.571428571428,28777.928571428572,20581.46301369863,23.1,770.0,Tuesday
821,2022-12-21,24982,22991.285714285714,29113.071428571428,20623.71506849315,51.1,490.0,Wednesday
822,2022-12-22,26403,20787.428571428572,30054.214285714286,20693.38082191781,54.800000000000004,453.0,Thursday
823,2022-12-23,2124,13402.142857142857,29865.75,20697.939726027398,13.5,866.0,Friday
824,2022-12-24,22296,14020.285714285714,28907.5,20759.024657534246,46.2,539.0,Saturday
825,2022-12-25,427,13776.857142857143,28193.714285714286,20760.194520547946,8.3,918.0,Sunday
826,2022-12-26,7,11979.285714285714,26946.285714285714,20760.213698630138,5.8999999999999995,942.0,Monday
827,2022-12-27,3902,11448.714285714286,26349.464285714286,20770.904109589042,16.7,834.0,Tuesday
828,2022-12-28,5008,8595.285714285714,24931.821428571428,20784.624657534245,18.0,821.0,Wednesday
829,2022-12-29,4914,5525.428571428572,23892.10714285714,20798.087671232875,17.599999999999998,825.0,Thursday
830,2022-12-30,0,5222.0,22877.25,20798.087671232875,2.85,972.5,Friday
831,2022-12-31,17246,4500.571428571428,23391.321428571428,20843.12876712329,36.5,636.0,Saturday
832,2023-01-01,23438,7787.857142857143,23441.071428571428,20893.238356164384,48.1,520.0,Sunday
833,2023-01-02,22142,10950.0,21001.60714285714,20937.772602739726,46.0,541.0,Monday
834,2023-01-03,38752,15928.57142857143,20754.035714285714,21021.97808219178,77.60000000000001,225.0,Tuesday
835,2023-01-04,6909,16200.142857142857,19418.035714285714,21039.339726027396,21.3,788.0,Wednesday
836,2023-01-05,27454,19420.14285714286,18809.178571428572,21111.28493150685,57.4,427.0,Thursday
837,2023-01-06,17174,21873.571428571428,18119.535714285714,21131.45479452055,36.3,638.0,Friday
838,2023-01-07,3142,19858.714285714286,17202.964285714286,21076.117808219176,15.5,846.0,Saturday
839,2023-01-08,13239,18401.714285714286,17206.035714285714,21068.57808219178,30.3,698.0,Sunday
840,2023-01-09,19919,18084.14285714286,16883.35714285714,21123.14794520548,41.8,583.0,Monday
841,2023-01-10,25084,16131.57142857143,16824.60714285714,21120.63287671233,51.449999999999996,486.5,Tuesday
842,2023-01-11,39308,20760.0,17136.678571428572,21172.34520547945,78.9,212.0,Wednesday
843,2023-01-12,37873,22248.428571428572,16995.35714285714,21198.44109589041,76.6,235.0,Thursday
844,2023-01-13,39425,25427.14285714286,16481.214285714286,21147.0301369863,79.0,211.0,Friday
845,2023-01-14,3929,25539.571428571428,15979.785714285714,21092.846575342464,16.8,833.0,Saturday
846,2023-01-15,0,23648.285714285714,15903.67857142857,20960.723287671233,2.85,972.5,Sunday
847,2023-01-16,6299,21702.571428571428,15679.0,20961.638356164385,20.200000000000003,799.0,Monday
848,2023-01-17,28232,22152.285714285714,16415.285714285714,20970.915068493152,58.8,413.0,Tuesday
849,2023-01-18,42353,22587.285714285714,17035.678571428572,20972.013698630137,83.3,168.0,Wednesday
850,2023-01-19,25875,20873.285714285714,17016.821428571428,20922.18904109589,52.900000000000006,472.0,Thursday
851,2023-01-20,12953,17091.571428571428,17403.571428571428,20840.13698630137,30.099999999999998,700.0,Friday
852,2023-01-21,7106,17545.428571428572,16861.071428571428,20692.610958904108,21.9,782.0,Saturday
853,2023-01-22,6862,18525.714285714286,17090.89285714286,20668.28493150685,21.2,789.0,Sunday
854,2023-01-23,24676,21151.0,17971.928571428572,20647.693150684932,50.6,495.0,Monday
855,2023-01-24,34262,22012.428571428572,19056.214285714286,20665.33698630137,69.5,306.0,Tuesday
856,2023-01-25,32239,20567.571428571428,20028.75,20639.88767123288,66.60000000000001,335.0,Wednesday
857,2023-01-26,31122,21317.14285714286,20964.75,20610.98082191781,63.7,364.0,Thursday
858,2023-01-27,2213,19782.85714285714,21043.785714285714,20555.394520547947,13.8,863.0,Friday
859,2023-01-28,6986,19765.714285714286,20677.35714285714,20568.008219178082,21.4,787.0,Saturday
860,2023-01-29,7053,19793.0,20092.178571428572,20514.531506849315,21.8,783.0,Sunday
861,2023-01-30,39535,21915.714285714286,20713.35714285714,20612.835616438355,79.10000000000001,210.0,Monday
862,2023-01-31,26601,20821.285714285714,20279.39285714286,20631.956164383562,55.400000000000006,447.0,Tuesday
863,2023-02-01,39624,21876.285714285714,21447.785714285714,20652.397260273974,79.3,208.0,Wednesday
864,2023-02-02,5863,18267.85714285714,20676.678571428572,20616.66301369863,19.0,811.0,Thursday
865,2023-02-03,12352,19716.285714285714,20504.464285714286,20626.627397260276,28.599999999999998,715.0,Friday
866,2023-02-04,7512,19791.428571428572,20660.535714285714,20606.25205479452,22.6,775.0,Saturday
867,2023-02-05,818,18900.714285714286,20216.928571428572,20586.369863013697,10.0,901.0,Sunday
868,2023-02-06,15046,15402.285714285714,20042.89285714286,20610.01917808219,32.800000000000004,673.0,Monday
869,2023-02-07,30191,15915.142857142857,20225.285714285714,20578.076712328766,62.6,375.0,Tuesday
870,2023-02-08,27584,14195.142857142857,19806.571428571428,20602.846575342464,57.699999999999996,424.0,Wednesday
871,2023-02-09,34466,18281.285714285714,19684.89285714286,20586.024657534246,70.19999999999999,299.0,Thursday
872,2023-02-10,29546,20737.571428571428,19332.071428571428,20620.67397260274,61.3,388.0,Friday
873,2023-02-11,944,19799.285714285714,19225.464285714286,20623.260273972603,10.4,897.0,Saturday
874,2023-02-12,3293,20152.85714285714,19343.071428571428,20632.28219178082,15.9,842.0,Sunday
875,2023-02-13,18269,20613.285714285714,19770.571428571428,20656.11232876712,38.0,621.0,Monday
876,2023-02-14,13874,18282.285714285714,19257.785714285714,20659.91780821918,31.2,689.0,Tuesday
877,2023-02-15,15711,16586.14285714286,18306.285714285714,20625.45205479452,33.800000000000004,663.0,Wednesday
878,2023-02-16,40557,17456.285714285714,18830.64285714286,20642.846575342464,80.30000000000001,198.0,Thursday
879,2023-02-17,48623,20181.571428571428,20104.571428571428,20727.6,90.0,101.0,Friday
880,2023-02-18,18844,22738.714285714286,20523.785714285714,20732.950684931508,39.6,605.0,Saturday
881,2023-02-19,1857,22533.571428571428,20345.035714285714,20734.575342465752,12.9,872.0,Sunday
882,2023-02-20,1924,20198.571428571428,19532.464285714286,20739.846575342464,13.200000000000001,869.0,Monday
883,2023-02-21,36019,23362.14285714286,19595.214285714286,20757.405479452056,73.3,268.0,Tuesday
884,2023-02-22,37831,26522.14285714286,19794.928571428572,20755.1698630137,76.5,236.0,Wednesday
885,2023-02-23,49099,27742.428571428572,20436.964285714286,20816.98082191781,90.8,93.0,Thursday
886,2023-02-24,33485,25579.85714285714,21553.821428571428,20893.276712328767,68.0,321.0,Friday
887,2023-02-25,10415,24375.714285714286,21676.285714285714,20861.320547945204,26.6,735.0,Saturday
888,2023-02-26,0,24110.428571428572,21424.39285714286,20861.320547945204,2.85,972.5,Sunday
889,2023-02-27,25999,27549.714285714286,20940.964285714286,20916.227397260274,53.400000000000006,467.0,Monday
890,2023-02-28,20462,25327.285714285714,20721.714285714286,20884.827397260273,42.9,572.0,Tuesday
891,2023-03-01,35150,24944.285714285714,20561.928571428572,20872.520547945205,71.5,286.0,Wednesday
892,2023-03-02,44454,24280.714285714286,21940.178571428572,20923.106849315067,85.3,148.0,Thursday
893,2023-03-03,1439,19702.714285714286,21550.428571428572,20862.50684931507,12.0,881.0,Friday
894,2023-03-04,0,18214.85714285714,21282.14285714286,20858.03287671233,2.85,972.5,Saturday
895,2023-03-05,16676,20597.14285714286,21848.5,20902.85205479452,35.3,648.0,Sunday
896,2023-03-06,39556,22533.85714285714,22723.85714285714,20982.539726027397,79.2,209.0,Monday
897,2023-03-07,29059,23762.0,22683.428571428572,20964.857534246574,60.6,395.0,Tuesday
898,2023-03-08,34333,23645.285714285714,22924.464285714286,21033.8,69.8,303.0,Wednesday
899,2023-03-09,18506,19938.428571428572,22354.464285714286,21060.63287671233,38.7,614.0,Thursday
900,2023-03-10,32405,24362.14285714286,22456.571428571428,21126.873972602738,67.0,331.0,Friday
901,2023-03-11,16197,26676.0,23001.321428571428,21170.84109589041,34.4,657.0,Saturday
902,2023-03-12,20489,27220.714285714286,23615.464285714286,21225.772602739726,43.1,570.0,Sunday
903,2023-03-13,44775,27966.285714285714,24562.10714285714,21348.035616438356,86.0,141.0,Monday
904,2023-03-14,34785,28784.285714285714,25308.928571428572,21443.260273972603,70.89999999999999,292.0,Tuesday
905,2023-03-15,32245,28486.0,25899.428571428572,21530.2301369863,66.7,334.0,Wednesday
906,2023-03-16,28142,29862.571428571428,25456.035714285714,21605.720547945206,58.699999999999996,414.0,Thursday
907,2023-03-17,16634,27609.571428571428,24313.571428571428,21642.408219178084,35.199999999999996,649.0,Friday
908,2023-03-18,33875,30135.0,24850.39285714286,21733.56712328767,68.5,316.0,Saturday
909,2023-03-19,13720,29168.0,25274.071428571428,21728.701369863014,31.0,691.0,Sunday
910,2023-03-20,37327,28104.0,26538.464285714286,21820.71506849315,75.6,245.0,Monday
911,2023-03-21,50526,30352.714285714286,27056.571428571428,21911.178082191782,92.0,81.0,Tuesday
912,2023-03-22,43528,31964.571428571428,27260.035714285714,21947.78904109589,84.7,154.0,Wednesday
913,2023-03-23,45621,34461.57142857143,27135.821428571428,21906.45479452055,86.9,132.0,Thursday
914,2023-03-24,31307,36557.71428571428,27058.035714285714,21941.331506849314,64.4,357.0,Friday
915,2023-03-25,31224,36179.0,27801.214285714286,21977.28219178082,64.0,361.0,Saturday
916,2023-03-26,322,34265.0,27812.714285714286,21884.1397260274,8.0,921.0,Sunday
917,2023-03-27,52015,36363.28571428572,28741.85714285714,21971.227397260274,92.80000000000001,73.0,Monday
918,2023-03-28,23441,32494.0,28848.25,21910.057534246575,48.199999999999996,519.0,Tuesday
919,2023-03-29,34092,31146.0,28810.464285714286,21894.813698630136,69.0,311.0,Wednesday
920,2023-03-30,18668,27295.571428571428,27889.535714285714,21861.08219178082,39.2,609.0,Thursday
921,2023-03-31,32275,27433.85714285714,28990.821428571428,21816.956164383562,66.9,332.0,Friday
922,2023-04-01,20959,25967.428571428572,29739.35714285714,21772.131506849317,43.8,563.0,Saturday
923,2023-04-02,6847,26899.571428571428,29388.321428571428,21740.709589041096,21.099999999999998,790.0,Sunday
924,2023-04-03,20465,22392.428571428572,28706.5,21753.309589041095,43.0,571.0,Monday
925,2023-04-04,36835,24305.85714285714,28984.214285714286,21724.931506849316,74.8,253.0,Tuesday
926,2023-04-05,26237,23183.714285714286,28695.071428571428,21692.734246575343,54.1,460.0,Wednesday
927,2023-04-06,20017,23376.428571428572,28749.035714285714,21706.775342465753,41.9,582.0,Thursday
928,2023-04-07,14192,20793.14285714286,28098.571428571428,21648.868493150683,31.6,685.0,Friday
929,2023-04-08,21492,20869.285714285714,28287.678571428572,21657.67671232877,45.1,550.0,Saturday
930,2023-04-09,19880,22731.14285714286,28265.928571428572,21691.490410958904,41.6,585.0,Sunday
931,2023-04-10,56877,27932.85714285714,28698.14285714286,21789.172602739727,95.39999999999999,47.0,Monday
932,2023-04-11,24834,26218.428571428572,28342.75,21751.013698630137,50.9,492.0,Tuesday
933,2023-04-12,30432,26817.714285714286,28278.0,21686.07123287671,62.7,374.0,Wednesday
934,2023-04-13,19055,26680.285714285714,27953.464285714286,21661.70410958904,40.2,599.0,Thursday
935,2023-04-14,0,24652.85714285714,27359.39285714286,21543.460273972603,2.85,972.5,Friday
936,2023-04-15,10,21584.0,26149.928571428572,21491.627397260276,6.0,941.0,Saturday
937,2023-04-16,0,18744.0,25659.928571428572,21456.542465753424,2.85,972.5,Sunday
938,2023-04-17,0,10618.714285714286,24326.821428571428,21437.386301369865,2.85,972.5,Monday
939,2023-04-18,0,7071.0,22522.321428571428,21369.60821917808,2.85,972.5,Tuesday
940,2023-04-19,0,2723.5714285714284,20967.75,21268.88493150685,2.85,972.5,Wednesday
941,2023-04-20,31,5.857142857142857,19339.535714285714,21152.33698630137,6.2,939.0,Thursday
942,2023-04-21,0,5.857142857142857,18221.428571428572,21107.350684931505,2.85,972.5,Friday
943,2023-04-22,1891,274.57142857142856,17173.821428571428,21030.06301369863,13.0,871.0,Saturday
944,2023-04-23,587,358.42857142857144,17183.285714285714,21031.671232876713,9.3,908.0,Sunday
945,2023-04-24,117,375.14285714285717,15329.785714285714,21005.312328767122,6.800000000000001,933.0,Monday
946,2023-04-25,2808,776.2857142857143,14592.892857142857,20845.33424657534,15.2,849.0,Tuesday
947,2023-04-26,333,823.8571428571429,13387.214285714286,20674.750684931507,8.1,920.0,Wednesday
948,2023-04-27,398,876.2857142857143,12734.714285714286,20605.55890410959,8.200000000000001,919.0,Thursday
949,2023-04-28,2563,1242.4285714285713,11673.57142857143,20531.134246575344,14.499999999999998,856.0,Friday
950,2023-04-29,86,984.5714285714286,10928.107142857143,20472.975342465754,6.6000000000000005,935.0,Saturday
951,2023-04-30,728,1004.7142857142857,10709.57142857143,20429.076712328766,9.700000000000001,904.0,Sunday
952,2023-05-01,19015,3704.4285714285716,10657.785714285714,20459.320547945204,40.1,600.0,Monday
953,2023-05-02,34457,8225.714285714286,10572.857142857143,20446.194520547946,70.1,300.0,Tuesday
954,2023-05-03,18004,10750.142857142857,10278.82142857143,20295.76712328767,37.7,624.0,Wednesday
955,2023-05-04,37630,16069.0,10907.857142857143,20328.997260273973,76.0,241.0,Thursday
956,2023-05-05,18761,18383.0,11071.035714285714,20359.627397260276,39.4,607.0,Friday
957,2023-05-06,169,18394.85714285714,10309.5,20360.090410958903,7.3999999999999995,927.0,Saturday
958,2023-05-07,560,18370.85714285714,9619.5,20359.04109589041,9.0,911.0,Sunday
959,2023-05-08,19163,18392.0,8272.57142857143,20411.542465753424,40.400000000000006,597.0,Monday
960,2023-05-09,8680,14709.57142857143,7695.642857142857,20380.824657534245,24.3,758.0,Tuesday
961,2023-05-10,11651,13802.0,7024.892857142857,20339.32328767123,27.900000000000002,722.0,Wednesday
962,2023-05-11,21576,11508.57142857143,7114.928571428572,20352.21095890411,45.4,547.0,Thursday
963,2023-05-12,22426,12032.142857142857,7915.857142857143,20365.186301369864,46.400000000000006,537.0,Friday
964,2023-05-13,8567,13231.857142857143,8221.464285714286,20261.47397260274,24.0,761.0,Saturday
965,2023-05-14,0,13151.857142857143,8221.464285714286,20147.783561643835,2.85,972.5,Sunday
966,2023-05-15,21071,13424.42857142857,8974.0,20185.317808219177,44.2,559.0,Monday
967,2023-05-16,33128,16917.0,10157.142857142857,20180.24383561644,67.80000000000001,323.0,Tuesday
968,2023-05-17,36202,20424.285714285714,11450.07142857143,20253.912328767125,73.5,266.0,Wednesday
969,2023-05-18,31715,21872.714285714286,12581.642857142857,20339.254794520548,65.10000000000001,350.0,Thursday
970,2023-05-19,32481,23309.14285714286,13741.67857142857,20426.805479452054,67.10000000000001,330.0,Friday
971,2023-05-20,17741,24619.714285714286,14307.75,20471.23287671233,37.2,629.0,Saturday
972,2023-05-21,9439,25968.14285714286,14623.892857142857,20486.11232876712,25.2,749.0,Sunday
973,2023-05-22,28640,27049.428571428572,15642.57142857143,20541.1397260274,59.699999999999996,404.0,Monday
974,2023-05-23,34138,27193.714285714286,16761.5,20579.046575342465,69.3,308.0,Tuesday
975,2023-05-24,16854,24429.714285714286,17351.535714285714,20552.175342465755,35.699999999999996,644.0,Wednesday
976,2023-05-25,41420,25816.14285714286,18816.60714285714,20591.69589041096,81.69999999999999,184.0,Thursday
977,2023-05-26,25947,24882.714285714286,19651.75,20492.838356164382,53.1,470.0,Friday
978,2023-05-27,16401,24691.285714285714,20234.428571428572,20441.893150684933,34.9,652.0,Saturday
979,2023-05-28,0,23342.85714285714,20208.428571428572,20404.309589041095,2.85,972.5,Sunday
980,2023-05-29,1259,19431.285714285714,19574.285714285714,20382.76712328767,11.600000000000001,885.0,Monday
981,2023-05-30,33991,19410.285714285714,19557.64285714286,20411.580821917807,68.8,313.0,Tuesday
982,2023-05-31,64683,26243.0,21224.75,20534.572602739725,98.3,18.0,Wednesday
983,2023-06-01,29651,24561.714285714286,20939.785714285714,20580.375342465755,61.5,386.0,Thursday
984,2023-06-02,35650,25947.85714285714,21542.964285714286,20603.668493150686,72.39999999999999,277.0,Friday
985,2023-06-03,7364,24656.85714285714,21799.928571428572,20558.572602739725,22.3,778.0,Saturday
986,2023-06-04,29370,28852.571428571428,22828.85714285714,20622.049315068492,61.1,390.0,Sunday
987,2023-06-05,26859,32509.714285714286,23103.714285714286,20653.106849315067,56.10000000000001,440.0,Monday
988,2023-06-06,28010,31655.285714285714,23794.071428571428,20690.975342465754,58.4,417.0,Tuesday
989,2023-06-07,29368,26610.285714285714,24426.821428571428,20656.701369863014,61.0,391.0,Wednesday
990,2023-06-08,26378,26142.714285714286,24598.321428571428,20701.92876712329,54.7,454.0,Thursday
991,2023-06-09,1999,21335.428571428572,23868.785714285714,20635.723287671233,13.3,868.0,Friday
992,2023-06-10,0,20283.428571428572,23562.821428571428,20623.246575342466,2.85,972.5,Saturday
993,2023-06-11,14647,18180.14285714286,24085.928571428572,20663.087671232875,32.2,679.0,Sunday
994,2023-06-12,31281,18811.85714285714,24450.571428571428,20748.78904109589,64.2,359.0,Monday
995,2023-06-13,23745,18202.571428571428,24115.464285714286,20799.172602739727,48.9,512.0,Tuesday
996,2023-06-14,50339,21198.428571428572,24620.35714285714,20934.254794520548,91.8,83.0,Wednesday
997,2023-06-15,45835,23978.0,25124.64285714286,21042.520547945205,87.4,127.0,Thursday
998,2023-06-16,40815,29523.14285714286,25422.285714285714,21048.15890410959,80.7,194.0,Friday
999,2023-06-17,11847,31215.571428571428,25211.785714285714,21031.33424657534,28.1,720.0,Saturday
